t,x,y,z,vx,vy,vz,speed,target_error,target_age_s,obstacle_clearance,goal_distance
0.0,-22.171382942537615,6.061516139012107,1.4844518697004978,8.669086315805973,-0.4031705261724524,1.7622142268374024,8.85556339288115,,,,
0.05,-22.777067177759548,6.037281722041993,1.4982062823565063,8.78695389671029,-0.4036791830171231,1.7862393454894667,8.975754378607302,,,,
0.1,-23.08297109453745,6.025047760852107,1.5051557799525004,8.845877350190463,-0.4041391052278662,1.798251532318896,9.035849881692053,,,,
0.15,-23.7009025263525,6.0003463418105305,1.5191993577013188,8.96370248185493,-0.4055053255204525,1.8222753873352864,9.15604086598163,,,,
0.2,-24.012930040663058,5.987878887177187,1.5262934379006932,9.022603839751003,-0.4064226373318191,1.8342872171897129,9.21613633820436,,,,
0.25,-24.643108663682735,5.962710492698535,1.5406261810929496,9.14038365662768,-0.4087456299492942,1.8583110690370719,9.33632724413914,,,,
0.3,-24.96125977159404,5.9500095533878925,1.5478648441313383,9.199262048441925,-0.4101563496813155,1.870323186219315,9.396422685681896,,,,
0.35,-25.603685579346987,5.924374189058954,1.5624867531385833,9.316995919657156,-0.4134818042245287,1.8943478316336493,9.516613571883015,,,,
0.4,-25.927960279327944,5.911439762846119,1.5698699990975842,9.375851547629338,-0.4153960991676181,1.9063602997672686,9.576709025281904,,,,
0.45,-26.582633272677548,5.8853374196774295,1.58478107385609,9.49354076196911,-0.41972050898438973,1.9303852943676219,9.696899962851113,,,,
0.5,-26.913031566622912,5.872169502217578,1.5923089026226402,9.552374644101969,-0.4221253770910264,1.9423977339169503,9.756995445934786,,,,
0.55,-27.245471059069708,5.8589237542248425,1.5998849256296492,9.61120160457354,-0.4246873284426168,1.954410097213314,9.8170909356482,,,,
0.6,-27.916473639930427,5.832198767885393,1.6151815543416272,9.728835548619974,-0.4302644608538037,1.9784345780771813,9.937281923046008,,,,
0.65,-28.25503672833991,5.818719530357315,1.6229021600483542,9.787642968446338,-0.433269145051657,1.990446722744138,9.997377415398185,,,,
0.7,-28.93828650056918,5.791527568366147,1.6384879541969957,9.905239923447576,-0.43968054629232445,2.014470948035626,10.117568389901162,,,,
0.75,-29.28297318407378,5.777814844255306,1.6463531426570552,9.964029998558287,-0.4430738081639876,2.0264830810614027,10.177663871904914,,,,
0.8,-29.97847014518146,5.750155909524333,1.6622281023859133,10.081594818067702,-0.450199008314349,2.0505074711712945,10.297854830599723,,,,
0.85,-30.329280422635243,5.7362096984015905,1.6702378736620234,10.140370196615411,-0.45391546803592303,2.062519734591885,10.35795031037074,,,,
0.9,-31.037024571331553,5.7080837869018595,1.6864019990348253,10.25790856581183,-0.46161579070795616,2.086544355100168,10.47814127737296,,,,
0.95,-31.39395844267816,5.6939040858286365,1.694556353124358,10.316672252790681,-0.46558309262944636,2.0985566820570383,10.538236765960889,,,,
1.0,-32.113949779714076,5.665311191686154,1.7110096440877336,10.434190412793747,-0.4737100658927838,2.1225812978679257,10.658427752864105,,,,
1.05,-32.477007245511416,5.6508979982802785,1.7193085809548483,10.492945606506385,-0.47785295814939727,2.134593569370393,10.718523249828365,,,,
1.1,-33.20924577174591,5.6218381183536765,1.7360510374543392,10.610450024597304,-0.4862560739425108,2.1586180350103907,10.838714246394497,,,,
1.15,-33.57842683213414,5.607191431721895,1.7444945570891255,10.669199965368408,-0.49050005635083055,2.1706302404747904,10.898809744516191,,,,
1.2,-34.322912547191294,5.577664564739798,1.7615261791423344,10.786697074550288,-0.499033577587551,2.1946546399305125,11.01900073864414,,,,
1.25,-34.698217201737364,5.562784384132219,1.7701142815670048,10.84544493262757,-0.5033080625603389,2.206666850001957,11.079096234774426,,,,
1.3,-35.45495010461014,5.532790527742454,1.7874350692246166,10.96294092303842,-0.5118368632931316,2.2306913132523865,11.199287226947789,,,,
1.35,-35.836378352876515,5.517676851496961,1.796167754459951,11.021689693033872,-0.5160778492154909,2.2427035665781623,11.25938272391175,,,,
1.4,-36.605358443027164,5.487216001691929,1.8137777077435226,11.139190284447087,-0.5244822301631943,2.266728099663539,11.37957372139579,,,,
1.45,-36.99291028492473,5.471868827682273,1.8226549757900892,11.197942663273228,-0.5286344223387665,2.2787403694589914,11.439669222221342,,,,
1.5,-37.38250332471836,5.456443820675874,1.8315804381051595,11.256696775231354,-0.5327464599784106,2.2907526352910965,11.499764724385305,,,,
1.55,-38.16781299802039,5.42536030706893,1.8495759455380387,11.374211124740459,-0.540832019140665,2.3147771444406757,11.619955731908892,,,,
1.6,-38.56352963152503,5.4097018002283175,1.8586459906555277,11.432971778065637,-0.5447975450498912,2.326789386682057,11.680051236750376,,,,
1.65,-39.361086492176916,5.378151285990342,1.8769306636951166,11.550500934152941,-0.5525572282767824,2.350813854565722,11.800242247479797,,,,
1.7,-39.7629267192822,5.362259278417889,1.8861452916191577,11.60926973383239,-0.5563458941148548,2.362826085779554,11.860337753133996,,,,
1.75,-40.572730766936765,5.330241761914637,1.9047191302811175,11.726816367768826,-0.5637302465081455,2.386850555937823,11.980528765066243,,,,
1.8,-40.98069458744693,5.314116252791752,1.9140783410208009,11.78559437842477,-0.5673228992057898,2.398862798086341,12.040624271555169,,,,
1.85,-41.802745821770806,5.281631732316004,1.9329413453200142,11.903160080077114,-0.574304517638682,2.422887297421278,12.160815286276122,,,,
1.9,-42.2168332355749,5.265272720780912,1.9424451388797006,11.961947830382403,-0.5776927602480371,2.4348995525632295,12.220910794744634,,,,
1.95,-43.05113165647126,5.232321194738304,1.9615973088182397,12.079533139095942,-0.5842649804191377,2.458924065962238,12.341101814182942,,,,
2.0,-43.47134266357022,5.215728680121066,1.9712456851964921,12.138330648132698,-0.5874503123568462,2.4709363213071764,12.401197325131179,,,,
2.05,-44.31788827108317,5.182310147529859,1.9906870207698557,12.255935129005296,-0.5936251219934314,2.494960825241335,12.521388349194218,,,,
2.1,-44.744222871497975,5.165484129528066,2.0004799799648594,12.314741956885959,-0.5966177304164697,2.5069730738126896,12.58148386215857,,,,
2.15,-45.615705889529224,5.131097950439363,2.020502073925475,12.434094151074579,-0.6025067251122627,2.5313508686158004,12.703442404782828,,,,
2.2,-46.0482241184713,5.11403613979047,2.030441033416729,12.492909551473584,-0.6053224094061904,2.543363115306713,12.763537919281312,,,,
2.25,-46.482783545172644,5.096896494697197,2.0404281871809657,12.551727542563807,-0.6080846221417197,2.5553753630877765,12.823633434277358,,,,
2.3,-47.35802599184584,5.062383701239177,2.0605470775289243,12.669370753086207,-0.6134597521325923,2.5793998637670073,12.943824465892762,,,,
2.35,-47.798709011818254,5.045010552911438,2.070678814112697,12.728195683116255,-0.6160785719599822,2.5914121168151665,13.003919982593864,,,,
2.4,-48.68619864504913,5.010030753177337,2.091086870099293,12.845851428183918,-0.621194291667281,2.6154366267617153,13.124111017953998,,,,
2.45,-49.13300525831739,4.992424101832351,2.101363189501707,12.904681925489937,-0.6236976608099049,2.627448882617662,13.184206536645853,,,,
2.5,-50.03274207818874,4.9569772963796215,2.1220604111235617,13.022347357848005,-0.6286119593328224,2.6514733936472474,13.304397576030507,,,,
2.55,-50.48567228480355,4.939137142364388,2.1324813133425478,13.081181965314947,-0.6310295740282436,2.663485648222192,13.364493096682152,,,,
2.6,-51.3976562914175,4.903223332017499,2.153467700595751,13.198854147825461,-0.6358024057146723,2.6875101552797434,13.48468413977182,,,,
2.65,-51.85671009142548,4.885149675798241,2.164033185629715,13.25769140208038,-0.6381642044840903,2.699522408106033,13.544779662163112,,,,
2.7,-52.780941284862735,4.848768861556895,2.185308738511906,13.375367457091526,-0.6428546202618308,2.7235469136840615,13.664970708569154,,,,
2.75,-53.24611867829954,4.8304617036502435,2.196018806359963,13.434205957985615,-0.6451894383253528,2.7355591669206802,13.725066232577042,,,,
2.8,-54.18259705862994,4.793613886548202,2.2175835248694695,13.551883194060146,-0.649853096180363,2.75958367490898,13.845257282220839,,,,
2.85,-54.65389804553273,4.775073227463471,2.2284381755306435,13.610721661282286,-0.6521875292445616,2.771595929620668,13.9053528078683,,,,
2.9,-55.60262361283911,4.7377584084972755,2.2502920596649942,13.728397671919423,-0.6568746532251979,2.795620439825997,14.025543860827117,,,,
2.95,-56.08004819325338,4.718984248722025,2.2612912931378024,13.78723498698758,-0.6592321565671746,2.8076326949622405,14.085639388131712,,,,
3.0,-57.04102094763046,4.681202428847315,2.2834343428937847,13.904907720228762,-0.6639859797740357,2.8316572045394066,14.205830444343402,,,,
3.05,-57.52456912160303,4.662194768848983,2.294578159176628,13.963742954434782,-0.6663862130524065,2.843669458815434,14.265925973222805,,,,
3.1,-58.010158493437544,4.643109275541802,2.305770169729184,14.022577323907422,-0.668804338720623,2.855681712733511,14.326021502597808,,,,
3.15,-58.98746083070784,4.604704789185204,2.3282987736429686,14.140243186109002,-0.6737003301359218,2.8797062197157226,14.4462125627791,,,,
3.2,-59.47917379615046,4.585385796222179,2.3396353670039995,14.199074557115862,-0.6761808190511277,2.8917184729444783,14.50630809356247,,,,
3.25,-60.46872332066587,4.54651431092302,2.362453136533915,14.316733932786985,-0.6812121189312886,2.9157429792640297,14.626499156473521,,,,
3.3,-60.9665598797442,4.526961818657035,2.3739343127026395,14.375561861845867,-0.6837645808714486,2.9277552324434053,14.686594688589711,,,,
3.35,-61.968356591555164,4.487623335046602,2.397041247847229,14.493214068784827,-0.688946077816691,2.951779738839323,14.806785754119081,,,,
3.4,-62.47231674429267,4.467837343755739,2.4086670068229377,14.552038314568877,-0.69157583593051,2.963791991981223,14.866881287521457,,,,
3.45,-63.48636064344265,4.428031862317422,2.432063107580819,14.66968306116411,-0.6969140914988109,2.987816497890064,14.987072355566943,,,,
3.5,-63.99644438985896,4.408012372208458,2.443833449362862,14.728503569291846,-0.699622464121746,2.9998287505633776,15.047167890192926,,,,
3.55,-65.0227354763817,4.3677398932892295,2.467518715732899,14.84614091793585,-0.7051164268715976,3.0238532552262374,15.167358960603378,,,,
3.6,-65.53894281649035,4.347486904503186,2.4794336403208215,14.90495780001591,-0.7079011518403432,3.0358655072208807,15.227454496368246,,,,
3.65,-66.57748109040568,4.3067474283211284,2.503408072302377,15.022588120850704,-0.71354312046403,3.059890010653061,15.34764556897183,,,,
3.7,-67.09981202421302,4.286260940935283,2.515467579695993,15.081401629533303,-0.7163988858643269,3.0719022621560077,15.40774110579473,,,,
3.75,-68.15059748552724,4.245054467582596,2.5397311772889117,15.199025547685668,-0.7221756489476671,3.095926764880219,15.527932180449408,,,,
3.8,-68.6790520130337,4.224334481612875,2.5519352674882296,15.257836049125997,-0.7250946941727614,3.1079390161360507,15.588027718269782,,,,
3.85,-69.74208466174345,4.182661011065158,2.5764880306926443,15.375454387990438,-0.7309887751703077,3.131963518452566,15.70821879487032,,,,
3.9,-70.27666278294556,4.1617075264734185,2.5888367036977744,15.434262332932516,-0.7339615272615854,3.143975769499607,15.768314333640115,,,,
3.95,-70.81328210204492,4.1406762089914215,2.601233570971548,15.493069536291115,-0.7369498334731157,3.155988020458813,15.828409872715811,,,,
4.0,-71.89264433393186,4.098380075313769,2.626171888325123,15.610681950587553,-0.7429681793789168,3.1800125220821958,15.948600951762797,,,,
4.05,-72.43538724671738,4.077115259093827,2.6387133384049855,15.66948727987742,-0.7459957104849532,3.1920247727422737,16.008696491722947,,,,
4.1,-73.5269966659668,4.0343521278236585,2.6639408213710385,15.787096481763854,-0.7520811592120247,3.2160492737906554,16.12888757248967,,,,
4.15,-74.07586317242801,4.012853812743703,2.676626854257312,15.84590047392059,-0.7551365497847818,3.228061524205118,16.188983113286366,,,,
4.2,-75.1797197790164,3.9696236836146994,2.702143502836578,15.963507535925833,-0.7612664331964317,3.2520860248942114,16.30917419568461,,,,
4.25,-75.73470987914058,3.947891869532316,2.714974118529664,16.022310721281585,-0.764338493297488,3.2640982751988448,16.369269737278668,,,,
4.3,-76.85081367304136,3.9041947422457812,2.7407799327229845,16.139916679965555,-0.7704909800650939,3.288122775783254,16.489460821240232,,,,
4.35,-77.41192736681482,3.8822294290066135,2.753755131223314,16.198719560246516,-0.7735691631606636,3.300135026075688,16.549556363601948,,,,
4.4,-78.54027834800036,3.838065303248676,2.7798501110315486,16.316325375759256,-0.7797241111333562,3.3241595266727186,16.66974744907364,,,,
4.45,-79.10751563540944,3.8158664906951025,2.792969892339546,16.375128405756328,-0.7827988965399665,3.336171776978488,16.729842992178373,,,,
4.5,-80.24811380385279,3.7712353661535833,2.8193540377635284,16.492734929189496,-0.788938526564175,3.360196277609705,16.850034079112916,,,,
4.55,-80.82147468488421,3.7488030541326354,2.8326184018796026,16.551538502510628,-0.7920017099435037,3.372208527940648,16.910129622937866,,,,
4.6,-81.97432004055963,3.7037049305112766,2.8592917129201294,16.669146451677555,-0.798111093164642,3.396233028657833,17.030320711291765,,,,
4.65,-82.553804515201,3.6810391188808236,2.872700659844666,16.72795089079884,-0.8011559834957981,3.408245279056821,17.09041625581665,,,,
4.7,-83.71889705808476,3.635473995909807,2.899663136502478,16.845560834652726,-0.8072233435353522,3.4322697799676134,17.2106073455533,,,,
4.75,-84.3045051263249,3.6125746845429925,2.913216666235827,16.904366385258133,-0.8102448693880291,3.4442820304901667,17.27070289076192,,,,
4.8,-84.89215439242908,3.589597539905657,2.9268183902388505,16.963172347379015,-0.8132577647004415,3.456294281062677,17.330798436195494,,,,
4.85,-86.07357651822561,3.5434097507749494,2.954166421054039,17.080785566092036,-0.8192564405107721,3.4803187823653974,17.450989527732283,,,,
4.9,-86.66734937791622,3.5201991062612894,2.9679127278662585,17.139592845601943,-0.82224175597976,3.4923310330966535,17.511085073832973,,,,
4.95,-87.86101869087821,3.473544317292646,2.995549924300073,17.257208781736573,-0.8281836047682898,3.5163555347173916,17.631276166692828,,,,
5.0,-88.46091514414827,3.450100172822213,3.0094408139217097,17.316017445213838,-0.8311400062527937,3.528367785605469,17.691371713449534,,,,
5.05,-89.66683164426367,3.4029783838765844,3.037367175974529,17.43363616155407,-0.8370238177450875,3.552392287534779,17.811562807610535,,,,
5.1,-90.27285169110813,3.379300739390774,3.0514026484057397,17.49244620686271,-0.8399513936415407,3.564404538575765,17.871658355012425,,,,
5.15,-91.49101537836854,3.331711950372483,3.079618176077822,17.610067636828614,-0.8457786312958036,3.58842904081115,17.991849450453167,,,,
5.2,-92.10315901878403,3.307800805833986,3.09379823131871,17.66887900162961,-0.8486787125252258,3.600441292005529,18.051944998489766,,,,
5.25,-93.33356989318466,3.259745016688638,3.1223029246102088,17.78650296811949,-0.8544531182858353,3.6244657945450234,18.172136095189764,,,,
5.3,-93.95183712716964,3.235600372079969,3.1366275626608235,17.84531554004919,-0.8573280660830022,3.636478045887937,18.232231643850945,,,,
5.35,-95.19449518870898,3.187077582790861,3.165421421571785,17.96294177693238,-0.8630552142173734,3.660502548710843,18.35242274178995,,,,
5.4,-95.81888601626349,3.1626994381122873,3.1798906424321256,18.021755404769202,-0.8659081890734316,3.6725148001861214,18.412518291065414,,,,
5.45,-97.07379126494298,3.113709648695821,3.2089736669625055,18.139383579704543,-0.871595015071915,3.6965393032507636,18.532709390222212,,,,
5.5,-97.70430568606848,3.0890980039628877,3.2235874706325296,18.198198084885348,-0.8744297393468761,3.708551554834519,18.592804940101008,,,,
5.55,-98.97145812189207,3.0396412144632543,3.2529596607822064,18.315827822249684,-0.8800840677251492,3.7325760580915626,18.712996040452676,,,,
5.6,-99.60809613659086,3.014796069703949,3.2677180472618383,18.374643010163485,-0.8829045931671262,3.7445883097600428,18.773091590922817,,,,
5.65,-100.24677534914812,2.989873091610459,3.282524628011317,18.433458381178333,-0.8857213111991026,3.756600561452128,18.833187141587278,,,,
5.7,-101.53025736783972,2.939793635438992,3.312282372319767,18.55108958360121,-0.8913451748888488,3.7806250648980653,18.95337824349344,,,,
5.75,-102.17506017397486,2.914637157370607,3.327233535878714,18.60990537104766,-0.8941532351874193,3.792637316647153,19.013473794732228,,,,
5.8,-103.47078937982604,2.8640907012938146,3.3572804458059724,18.727537211060913,-0.8997638462190236,3.8166618201852787,19.13366489777361,,,,
5.85,-104.12171577954301,2.8387007232958936,3.3723761921742623,18.786353222104196,-0.902567260963151,3.8286740719693624,19.19376044957313,,,,
5.9,-105.42969217256206,2.7876872674077666,3.4027122677200827,18.903985327004992,-0.9081723745042473,3.8526985755550482,19.3139515537219,,,,
5.95,-106.08674216586508,2.762063789528358,3.4179525968975835,18.96280138328926,-0.9109748553118601,3.864710827351854,19.374047106067906,,,,
6.0,-107.40696574606048,2.710583333925726,3.4485778380616954,19.08043341568178,-0.9165814935547553,3.8887353309420787,19.4942382112949,,,,
6.05,-108.0701393329538,2.6847263562130923,3.463962750048277,19.139249359311876,-0.9193863271505841,3.9007475827314533,19.554333764172505,,,,
6.1,-109.40261010033383,2.6327789009909752,3.4948771568304218,19.256881027408838,-0.9250005647343974,3.9247720862896616,19.674524870447467,,,,
6.15,-110.07190728082149,2.6066884234914407,3.5104066516259573,19.315696725267273,-0.9278105228101963,3.936784338055459,19.73462042384137,,,,
6.2,-111.41662523539404,2.5542739687391367,3.5416102240258915,19.43332778987125,-0.9334373406525937,3.9608088415529084,19.854811531133464,,,,
6.25,-112.09204600947974,2.5279499914953236,3.557284301630265,19.492143136296654,-0.9362546235948407,3.9728210932819774,19.914907085028183,,,,
6.3,-113.44901115125181,2.4750685372932706,3.5887770396477676,19.609773414585256,-0.9418978289753388,3.9968455966952634,20.0350981933063,,,,
6.35,-114.13055551893888,2.448511060342742,3.6045957000608757,19.66858833250668,-0.9447240416816527,4.008857848377652,20.095193747686245,,,,
6.4,-115.49976784791656,2.3951626067602367,3.6363776036957587,19.786217698869287,-0.9503862497648221,4.032882351690034,20.215384856919325,,,,
6.45,-116.18743580920773,2.3683716301345674,3.652340846917516,19.845032139547445,-0.9532224065773071,4.044894603318895,20.27548041176905,,,,
6.5,-116.87714496836746,2.3415028202897474,3.6683522844088072,19.903846415020073,-0.95606200535148,4.056906854928938,20.335575966771966,,,,
6.55,-118.26268688029343,2.287531700952555,3.700519742199963,20.021474465385765,-0.9617516313306071,4.080931358091498,20.455767077230707,,,,
6.6,-118.95851963306008,2.260429391464507,3.7166757624998152,20.080288240029578,-0.9646016632447121,4.092943609643755,20.515862632683234,,,,
6.65,-120.35630873220143,2.2059912728584674,3.749132385908046,20.197915293903765,-0.9703120455434111,4.11696811269039,20.636053744026444,,,,
6.7,-121.05826507857638,2.1786554637433317,3.7654329890164155,20.25672857773763,-0.9731722994269697,4.128980364184992,20.69614929991397,,,,
6.75,-122.46830136493536,2.123750345894198,3.7981787780416503,20.374354676007336,-0.9789025809126096,4.153004867118371,20.816340412112986,,,,
6.8,-123.17638130491947,2.096181037161668,3.814623963958511,20.43316749908624,-0.9817724278084392,4.165017118558004,20.87643596842144,,,,
6.85,-124.59866477849724,2.0408089200827346,3.8476589186007137,20.550792718946447,-0.987520994521988,4.1890416213860755,20.996627081448793,,,,
6.9,-125.31286831209087,2.013006111736546,3.864248687326055,20.609605127524546,-0.9903994679678716,4.201053872775852,21.056722638164803,,,,
6.95,-126.74739897288761,1.9571669954298412,3.8975728075852203,20.72722957453751,-0.9961641153070626,4.2250783755102335,21.176913751994462,,,,
7.0,-127.46772610009064,1.9291306874684537,3.9143071591190464,20.786041627011862,-0.9990499962289492,4.2370906268563076,21.23700930910538,,,,
7.05,-128.91450394810562,1.87282457192625,3.9479204449951952,20.903665426935675,-1.0048280999387822,4.261115129510591,21.357200423712758,,,,
7.1,-129.64095466891746,1.844554764343668,3.9647993793375225,20.962477189773587,-1.007720001844382,4.273127380820362,21.41729598120668,,,,
7.15,-131.09997970414935,1.787781649550207,3.9987018308306976,21.080100480542953,-1.013508685699438,4.297151883409602,21.537487096568768,,,,
7.2,-131.83255401856917,1.7592783423368719,4.015725347981552,21.138912024371912,-1.0164051363944948,4.3091641346910015,21.59758265443454,,,,
7.25,-133.30382624101603,1.7020382282701947,4.049916965091812,21.25653494855951,-1.022201429632704,4.333188637232041,21.717773770529792,,,,
7.3,-134.0425241490428,1.6733014214139135,4.0670850650512245,21.315346344568642,-1.0251009463147749,4.345200888493573,21.77786932875704,,,,
7.35,-134.78326325493833,1.6444867813402821,4.084301359280168,21.374157706755465,-1.0280011633568225,4.357213139750131,21.83796488710265,,,,
7.4,-136.27086506033484,1.586624001534558,4.118878530546657,21.491780359365944,-1.033803080490367,4.381237642252451,21.958156004144538,,,,
7.45,-137.01772775983565,1.5575758617991873,4.1362394075842115,21.5505916641202,-1.0367044825168767,4.39324989350005,22.01825156283886,,,,
7.5,-138.5175767524415,1.4992460826551277,4.1711057444679644,21.668214264508904,-1.0425074669771353,4.417274395992095,22.138442680569415,,,,
7.55,-139.27056304554625,1.4699644432431136,4.188611204314172,21.727025572900047,-1.0454087843029671,4.429286647237955,22.19853823960377,,,,
7.6,-140.7826592253588,1.4111676647309024,4.223766706815268,21.844648235639816,-1.0512104550237993,4.453311149732608,22.318729358006156,,,,
7.65,-141.54176911206625,1.381652525627486,4.241416749470167,21.903459600814926,-1.0541105836271103,4.465323400982409,22.37882491737239,,,,
7.7,-143.0661124790829,1.322388747718242,4.276861417588688,22.02108242319284,-1.0599089205831012,4.489347903491425,22.49901603643073,,,,
7.75,-143.83134595939177,1.2926401089094293,4.294656043052318,22.079893889064994,-1.0628069491179828,4.501360154751767,22.559111596121202,,,,
7.8,-145.36793651361023,1.2329093315763444,4.330389876788335,22.197516949036245,-1.0686003353378482,4.5253846572863825,22.679302715820842,,,,
7.85,-146.13929358751952,1.2029271930494168,4.34832908506073,22.25632854954377,-1.0714955602755218,4.5373969085614,22.73939827582845,,,,
7.9,-147.68813132893763,1.1427294162686372,4.384352084414308,22.373951904790463,-1.077282800869086,4.561421411128439,22.859589396155524,,,,
7.95,-148.4656119964464,1.1125137780125305,4.402435875495498,22.432763663685463,-1.0801747306187988,4.5734336624209355,22.919684956473535,,,,
8.0,-150.02669692506245,1.05184900176379,4.4387480404666935,22.550387351681266,-1.0859550509184734,4.597458165024868,23.039876077414903,,,,
8.05,-150.81030118616965,1.0213998637693438,4.456976414356701,22.609199282791135,-1.0888434001554057,4.609470416336652,23.099971638036873,,,,
8.1,-152.3836333019822,0.9602680880363416,4.493577744945555,22.726823321742575,-1.094616425723045,4.633494918980567,23.22016275957995,,,,
8.15,-153.17336115668738,0.9295854502964326,4.511950701644406,22.785635429632904,-1.0975011014240594,4.645507170312811,23.280258320499733,,,,
8.2,-153.96513020925875,0.8988249793068106,4.5303718526128725,22.844447596000588,-1.1003845623168753,4.657519421651874,23.340353881517448,,,,
8.25,-155.55479190799844,0.8370705375765546,4.56735873735866,22.962072101103875,-1.1061479039800926,4.681543924350391,23.460545003844103,,,,
8.3,-156.35268455416676,0.806076566835168,4.585924471135985,23.02088443766906,-1.1090278301314245,4.6935561757096425,23.52064056515174,,,,
8.35,-157.95459344010035,0.7438551255985285,4.623200521499495,23.138509271663196,-1.1147843425173865,4.717580678447427,23.640831688052476,,,,
8.4,-158.75860967986563,0.7126276551029402,4.641910838085683,23.197321765605334,-1.1176610013992474,4.729592929825582,23.700927249644305,,,,
8.45,-160.37276575299472,0.6499392143568679,4.679476054066925,23.314946897323736,-1.123411333873996,4.753617432599038,23.82111837310775,,,,
8.5,-161.18290558635792,0.6184782441064203,4.698330953461979,23.373759530617775,-1.126285100710924,4.765629683993993,23.881213934978124,,,,
8.55,-162.80930884668126,0.5553228038512099,4.73618533506095,23.491384919936817,-1.1320300879843064,4.789654186799119,24.001405058993086,,,,
8.6,-163.6255722736414,0.5236283338468016,4.755184817264866,23.55019767080768,-1.1349014155485466,4.801666438208683,24.061500621136442,,,,
8.65,-165.26422272115866,0.460005894085606,4.7933283644815585,23.66782327154814,-1.1406420174567342,4.825690941040219,24.181691745691843,,,,
8.7,-166.08660974171576,0.42807792432943087,4.812472429494334,23.72663611590297,-1.1435114063552905,4.837703192461545,24.241787308102683,,,,
8.75,-167.7375073764288,0.3639884850677176,4.850905142328733,23.844261878623634,-1.1492486499153074,4.861727695313704,24.361978433187577,,,,
8.8,-168.56601799058382,0.33182701556298516,4.870193790150353,23.903074791401124,-1.1521166206073827,4.873739946743866,24.422073995860437,,,,
8.85,-170.2291628124922,0.2672705768079656,4.908915668602442,24.020700665975834,-1.1578515465901462,4.897764449610822,24.542265121463924,,,,
8.9,-171.06379702024515,0.23487560755861528,4.928348899232906,24.079513622364416,-1.1607186141382853,4.909776701046962,24.602360684393364,,,,
8.95,-172.7391890293499,0.169852169318681,4.967359943302656,24.197139560257348,-1.1664522299191173,4.933801203922969,24.722551810504637,,,,
9.0,-173.57994683070172,0.13722370032910505,4.986937756741941,24.25595253674552,-1.1693188822281597,4.945813455362292,24.782647373685272,,,,
9.05,-174.42274582991948,0.10451739809380425,5.006563764450833,24.314765515060962,-1.1721854972130898,4.957825706802126,24.842742936948458,,,,
9.1,-176.1144674219541,0.03887129388807859,5.045960362677429,24.432391468157682,-1.1779188022192852,4.981850209682168,24.962934063720084,,,,
9.15,-176.96339001477088,0.005931491918673045,5.06573095319513,24.49120443869975,-1.180785580157934,4.993862461121868,25.02302962722734,,,,
9.2,-178.66735879400363,-0.06018161175071919,5.105416717039331,24.608830358040166,-1.1865195886851019,5.017886963999332,25.143220754481856,,,,
9.25,-179.52240498041985,-0.09335491344973136,5.125331890365829,24.6676433033123,-1.1893868923757143,5.029899215436704,25.203316318227927,,,,
9.3,-181.23862094685185,-0.15993501657404335,5.165306819827613,24.78526915720162,-1.1951222614970003,5.053923718307804,25.32350744595483,,,,
9.35,-182.09979072686772,-0.19334181799844988,5.185366575962896,24.84408206306728,-1.1979903839422463,5.065935969741141,25.383603009934514,,,,
9.4,-183.8282538804994,-0.26038892056966023,5.225630671042239,24.961707826754832,-1.203727626522411,5.0899604726024705,25.503794138123492,,,,
9.45,-184.69554725411533,-0.2940292217156797,5.245835009986298,25.020520682619665,-1.206596787179483,5.101972724030207,25.563889702331654,,,,
9.5,-186.46191719453276,-0.36253850104589874,5.286986080487808,25.1398761269624,-1.2124206842230372,5.126350528391834,25.685848347572424,,,,
9.55,-187.3353941969804,-0.3964145911231961,5.30733641971915,25.198688925195246,-1.2152910410448645,5.138362779813066,25.74594391200621,,,,
9.6,-189.08847179547615,-0.4644002709940075,5.348181680990594,25.316314461383175,-1.2210330054445586,5.162387282648707,25.866135041093344,,,,
9.65,-189.9680723915244,-0.4985098607870054,5.368676603030694,25.375127198892923,-1.2239046221796033,5.1743995340631015,25.92623060574561,,,,
9.7,-191.73339717722146,-0.5669625400870719,5.4098110299196485,25.49275261247126,-1.2296491301819445,5.198424036884872,26.0464217352649,,,,
9.75,-192.61912136687047,-0.6013056295937661,5.430450534768502,25.551565288747035,-1.2325220170760791,5.2104362882922075,26.10651730013086,,,,
9.8,-193.50688675438636,-0.6357265523380231,5.451138233886939,25.610377944982336,-1.235395319591159,5.222448539697174,26.166612865067016,,,,
9.85,-195.28854112301903,-0.704801897538731,5.492658214932564,25.728003198779184,-1.2411431413214453,5.246473042500019,26.286803995147842,,,,
9.9,-196.1824301041358,-0.7394563199949895,5.51349049685975,25.786815797270062,-1.2440176411972674,5.258485293898022,26.346899560291504,,,,
9.95,-197.9763316599703,-0.8089986646189943,5.55529964352287,25.904440940312806,-1.2497677591723844,5.282509796687543,26.467090690782786,,,,
10.0,-198.87634423468796,-0.8438865867866734,5.576276508258804,25.963253486210164,-1.252643349313878,5.2945220480795,26.527186256129475,,,,
10.05,-200.6824929777244,-0.9138959308333582,5.618374820539418,26.08087853053304,-1.2583955134768736,5.318546550857356,26.647377387022438,,,,
10.1,-201.588629146043,-0.9490173527124067,5.639496268084098,26.1396910306076,-1.2612720532607042,5.330558802243561,26.70747295256779,,,,
10.15,-203.4070250762813,-1.0194936961821426,5.681883745982208,26.25731599097774,-1.2670259570155642,5.354583305010772,26.82766408385394,,,,
10.2,-204.31928483820087,-1.0548486177729648,5.7031497763356365,26.316128453114576,-1.2699032827781398,5.366595556392035,26.88775964959379,,,,
10.25,-206.1499279556409,-1.1257919606669544,5.745826419851244,26.433753346033214,-1.2756585837066599,5.390620059150642,27.007950781264835,,,,
10.3,-207.0683113111613,-1.1613803819703294,5.767237033013423,26.492565778743316,-1.27853651887576,5.402632310528261,27.068046347195143,,,,
10.35,-208.91120161580292,-1.2327907242904361,5.810202842146532,26.610190621501538,-1.2842928583263375,5.426656813280735,27.188237479243167,,,,
10.4,-209.83570856492406,-1.2686126453074305,5.831758038117464,26.66900303346964,-1.2871712227992376,5.438669064655787,27.248333045360024,,,,
10.45,-211.69084605676713,-1.3404899870560032,5.875013012868084,26.78662784329216,-1.292928243636936,5.4626935674039165,27.36852417777738,,,,
10.5,-212.6214765994889,-1.37654540778788,5.896712791647774,26.845440242975613,-1.2958068620925873,5.474705818777184,27.428619744077054,,,,
10.55,-214.48886127853308,-1.448889748967581,5.940256932015911,26.963065036278437,-1.3015642240728063,5.498730321522634,27.54881087685636,,,,
10.6,-215.42561541485543,-1.4851786694157199,5.962101293604361,27.02187743156798,-1.3044429329930267,5.510742572895077,27.608906443335215,,,,
10.65,-217.30524728110043,-1.5579900100293615,6.005934599590022,27.13950222334792,-1.3102003253954162,5.5347670756397385,27.729097576469357,,,,
10.7,-218.24812501102315,-1.5945124301951796,6.027923543987235,27.19831462129751,-1.313078978655932,5.546779327012198,27.789193143123892,,,,
10.75,-219.19304393881268,-1.6311126836005363,6.049960682654039,27.257127021526703,-1.315957584517014,5.558791578384884,27.84928870983623,,,,
10.8,-221.08900538799193,-1.7045466901304689,6.094179542796414,27.374751831291405,-1.321714602955513,5.582816081131233,27.969479843432833,,,,
10.85,-222.04004790938166,-1.7413804432553386,6.116361264271985,27.43356424195133,-1.324592992259099,5.594828332504996,28.02957541031639,,,,
10.9,-223.9763793555751,-1.8163705516029975,6.161525258146276,27.552918854443686,-1.3304341308949559,5.61920613676504,28.15153406092937,,,,
10.95,-224.9336055057963,-1.853440093661598,6.183852979909138,27.61173128014984,-1.3333122081217024,5.631218388140389,28.211629627982532,,,,
11.0,-226.85418139983872,-1.9278126775004745,6.228653006243636,27.72935614911549,-1.339067998655608,5.655242890892943,28.331820762254367,,,,
11.05,-227.81753114365998,-1.9651157192809794,6.251125310815273,27.788168592952214,-1.3419457000322224,5.66725514227024,28.391916329472362,,,,
11.1,-229.75035422490245,-2.03995530256465,6.296214502767327,27.905793500443576,-1.3477006920762964,5.691279645027086,28.512107464070795,,,,
11.15,-230.71982756232364,-2.0774918440680046,6.318831390147744,27.964605964412808,-1.3505779762539383,5.703291896406665,28.57220303145056,,,,
11.2,-232.6648978307659,-2.1527984267981726,6.364209747717355,28.08223091327509,-1.3563321111123632,5.727316399168309,28.692394166369592,,,,
11.25,-233.64049476178698,-2.190568468025131,6.386971217906551,28.141043398240708,-1.359208960315451,5.739328650550368,28.75248973390821,,,,
11.3,-235.59781221742892,-2.266342050203108,6.432638741093725,28.2586683891461,-1.3649622242928983,5.763353153316915,28.872680869142023,,,,
11.35,-236.5795327420498,-2.3043455911542305,6.455544794091703,28.31748089494489,-1.367838642010234,5.775365404701379,28.93277643683659,,,,
11.4,-238.54909738489135,-2.380586172780944,6.501501482896442,28.43510592664722,-1.3735910611203244,5.799389907472806,29.052967572379504,,,,
11.45,-239.53694150311202,-2.418823213456596,6.524552118703203,28.49391845223035,-1.3764670691695946,5.811402158859618,29.113063140227272,,,,
11.5,-240.52682681919927,-2.4571380873738122,6.547650948779559,28.55273098404504,-1.3793429482015511,5.823414410247126,29.173158708125403,,,,
11.55,-242.5127210449736,-2.5340013349329618,6.593993191741053,28.670356065464667,-1.3850943379774499,5.847438913025073,29.29334984407184,,,,
11.6,-243.50872995466068,-2.5725497085749103,6.617236604626192,28.72916861456842,-1.3879698591152985,5.859451164415029,29.353445412119516,,,,
11.65,-245.53631671828074,-2.651019487976253,6.664555207537558,28.84852350941357,-1.39380514891241,5.8838289687085386,29.47540406507324,,,,
11.7,-246.53850925679896,-2.6898036505558984,6.687944620709998,28.90733607346829,-1.3966803606331486,5.895841220099758,29.535499633269232,,,,
11.75,-248.54901792743516,-2.7676054754397845,6.7348680298636605,29.024961214221427,-1.4024305224596039,5.919865722883452,29.655690769805968,,,,
11.8,-249.55733405955317,-2.806623137743976,6.758402025844883,29.083773790275135,-1.405305485920184,5.931877974275933,29.71578633814613,,,,
11.85,-251.580089917389,-2.884891962076704,6.805614600616111,29.20139895209371,-1.4110552119686726,5.955902477062272,29.835977474968708,,,,
11.9,-252.5945296431068,-2.924143124105171,6.8292931794061165,29.26021153719643,-1.4139299882672165,5.967914728456265,29.89607304345053,,,,
11.95,-254.62953268814226,-3.002878947886114,6.876794919794907,29.377836714142326,-1.419679401503087,5.991939231245647,30.016264180553875,,,,
12.0,-255.65009600745992,-3.0423636096385063,6.900618081393694,29.436649305337223,-1.4225540518622373,6.003951482640882,30.07635974917486,,,,
12.05,-257.69734623969504,-3.1215664328669073,6.948408987400047,29.554274491593443,-1.428303272716572,6.027975985431988,30.196550886554054,,,,
12.1,-258.7240331526126,-3.1612845943428214,6.972376731807613,29.613087086046722,-1.4311778557974044,6.039988236827655,30.25664645531174,,,,
12.15,-260.78353057204765,-3.240954417017841,7.020456803431526,29.73071227615483,-1.4369269972482008,6.064012739618904,30.37683759296192,,,,
12.2,-261.81634107856513,-3.280906078216847,7.044569130647871,29.78952487126302,-1.4398015669286885,6.0760249910144335,30.436933161853876,,,,
12.25,-262.8511927829493,-3.320935572656786,7.068729652133809,29.848337466063242,-1.4426761430308928,6.0880372424098965,30.49702873079007,,,,
12.3,-264.9270197853175,-3.401228061259271,7.1171952779144645,29.965962653787045,-1.4484253342078544,6.112061745200626,30.617219868794095,,,,
12.35,-265.96799508330156,-3.441491055421723,7.1415003822091805,30.024775246269517,-1.4512999584061126,6.124073996595895,30.677315437861417,,,,
12.4,-268.0560692728697,-3.522250543468815,7.1902551736073885,30.142400427483366,-1.4570492845412581,6.148098499386175,30.797506576125382,,,,
12.45,-269.1031681644538,-3.562747037353366,7.214704860710881,30.20121301586346,-1.4599239937413386,6.160110750781155,30.857602145321525,,,,
12.5,-271.203489541222,-3.6439735248442724,7.263748817726641,30.31883818740811,-1.465673520155896,6.184135253570654,30.977793283840892,,,,
12.55,-272.2567120264061,-3.684703518450548,7.288343087638908,30.377650770314713,-1.4685483427013903,6.19614750496513,31.037888853163622,,,,
12.6,-274.36928059037444,-3.76639700538456,7.337676210272217,30.495275929867795,-1.4742981173896612,6.2201720077533675,31.158079991933896,,,,
12.65,-275.42862666915863,-3.8073604987122294,7.362415062993258,30.554088506348663,-1.4771730729532488,6.232184259147027,31.218175561380995,,,,
12.7,-277.58475062888795,-3.890731550413305,7.4127685291010055,30.67344343390584,-1.48300768783228,6.256562063445108,31.340134217149288,,,,
12.75,-278.6816503460379,-3.9331437545423507,7.438386019135291,30.733985784762243,-1.4859673516918217,6.268927616349542,31.40199730347246,,,,
12.8,-280.8189534253321,-4.015780397212676,7.488303142917765,30.851610916352914,-1.491717705074417,6.2929521191343865,31.52218844273628,,,,
12.85,-281.9222186427497,-4.058435325244218,7.514070927365437,30.91215325978364,-1.4946775225783824,6.305317672037674,31.58405152918422,,,,
12.9,-284.04021702827356,-4.140319110520235,7.563540285613407,31.02804859598038,-1.500343602555512,6.328988873309617,31.702475151929796,,,,
12.95,-285.1180539583208,-4.181987681436578,7.588715721717803,31.086861151229712,-1.5032189974232186,6.341001124700533,31.76257072173949,,,,
13.0,-286.1979320862348,-4.223734085593146,7.61393935209179,31.145673704241645,-1.5060944385699528,6.353013376091123,31.82266629158804,,,,
13.05,-288.3638119356629,-4.307460393626931,7.664531195648535,31.263298803799536,-1.5118454545909816,6.377037878872578,31.94285743140079,,,,
13.1,-289.449813657177,-4.349440297504135,7.689899408831295,31.322111350488832,-1.5147210264949513,6.389050130263749,32.00295300136458,,,,
13.15,-291.62794069380533,-4.433633604979155,7.740780418005585,31.439736438099423,-1.5204722895765703,6.413074633045957,32.123144141405966,,,,
13.2,-292.72006600891956,-4.475847008576972,7.766293213997116,31.498548979203,-1.523347976977832,6.425086884437388,32.18323971148309,,,,
13.25,-294.9104402327481,-4.560507315493229,7.817463388788952,31.616174056499148,-1.5290994533138678,6.449111387220082,32.30343085174926,,,,
13.3,-296.0086891414624,-4.602954218811679,7.843120767589256,31.674986592900403,-1.531975237937403,6.461123638609557,32.363526421937905,,,,
13.35,-298.21131055249134,-4.688081525169261,7.894580107998636,31.79261166174984,-1.537726888899369,6.485148141386608,32.48371756242513,,,,
13.4,-299.31568305480585,-4.73076192820841,7.9203820696077125,31.851424194419835,-1.540602750650362,6.497160392773954,32.54381313272332,,,,
13.45,-301.530551653035,-4.81635623400747,7.972130575634638,31.96904925681062,-1.5463545351092574,6.521184895544979,32.66400427342796,,,,
13.5,-302.64104774894963,-4.859270136767403,7.9980771200524865,32.027861786754876,-1.5492304531901078,6.533197146929012,32.72409984383384,,,,
13.55,-304.868163534379,-4.945331442008147,8.050114791696958,32.145486844691746,-1.5549823296407204,6.557221649701164,32.84429098475189,,,,
13.6,-305.9847832238937,-4.988478844488983,8.076205918923579,32.20429937290034,-1.5578582835509442,6.569233901088072,32.904386555263756,,,,
13.65,-308.2241461965233,-5.075007149171655,8.128532756185596,32.32192442831835,-1.5636102119721969,6.5932584038635955,33.02457769639188,,,,
13.7,-309.34688947963815,-5.118388051373524,8.154768466220991,32.38073695572667,-1.5664861823634646,6.605270655254348,33.08467326700783,,,,
13.75,-311.598499639468,-5.2053833554983875,8.207384469100557,32.49836201041402,-1.5722381257675582,6.629295158038305,33.204864408342765,,,,
13.8,-312.76059938363187,-5.2502817122199374,8.234541382495262,32.55890431809139,-1.57519868241955,6.641660710941537,33.266727495847725,,,,
13.85,-313.8915674934449,-5.293976236596338,8.260971287087541,32.61771684573878,-1.5780746478156222,6.653672962332256,33.32682306660118,,,,
13.9,-316.159627306671,-5.3815987850704525,8.313975679080873,32.735341901897904,-1.5838265607223587,6.677697465108983,33.44701420820886,,,,
13.95,-317.296719010084,-5.425526809168194,8.340550166481924,32.79415443054837,-1.586702505369749,6.689709716494348,33.50710977906272,,,,
14.0,-319.5770260105102,-5.513616357085117,8.393843724092802,32.911779489298766,-1.5924543646873424,6.713734219260191,33.627300920869395,,,,
14.05,-320.7202413075234,-5.5577778809043235,8.42056279430263,32.97059201950561,-1.5953302771352402,6.72574647064393,33.68739649182184,,,,
14.1,-323.0127954951497,-5.646334428264293,8.474145517531054,33.08821708181188,-1.6010820628710218,6.749770973413851,33.80758763382408,,,,
14.15,-324.16213438576295,-5.690729451805078,8.501009170549658,33.147029613986774,-1.6039579345896402,6.761783224802693,33.86768320487353,,,,
14.2,-326.4669357605894,-5.779752998608301,8.554881059395635,33.264654680531926,-1.6097096326082252,6.785807727586085,33.98787434706844,,,,
14.25,-327.62239824480264,-5.82438152187076,8.581889295223014,33.323467214947755,-1.6125854579738983,6.797819978979247,34.047969918213575,,,,
14.3,-329.93944680682915,-5.913872068117413,8.636050349686544,33.441092286143785,-1.6183370598375386,6.8218444817641215,34.16816106059857,,,,
14.35,-331.10103288464245,-5.958734091101623,8.663203168322697,33.49990482294133,-1.6212128359927107,6.833856733152001,34.22825663183801,,,,
14.4,-333.4646439012248,-6.0500168647533785,8.718455565258171,33.61925967949554,-1.6270489190011153,6.8582345374382525,34.35021529121307,,,,
14.45,-334.5980383052824,-6.093787159497865,8.744950789848705,33.67634243813691,-1.6298400651838765,6.869893487314073,34.40854334574163,,,,
14.5,-336.93958124170905,-6.184211704631756,8.799690175547335,33.793967518864,-1.6355914700948588,6.893917990087413,34.52873448849716,,,,
14.55,-338.1134145067224,-6.229540727059632,8.827132159801037,33.852780060365845,-1.6384671490301856,6.9059302414734365,34.58883005992038,,,,
14.6,-339.32390441311503,-6.276284256754464,8.855431602571311,33.9133223832656,-1.6414273909388832,6.918295794370598,34.650693148181524,,,,
14.65,-341.68189700293783,-6.367336046239264,8.910559377383715,34.03094746987919,-1.6471786741760417,6.9423202971505305,34.770884291179094,,,,
14.7,-342.86395509464927,-6.412978690842605,8.938195556194302,34.08976001418393,-1.6500542951658295,6.954332548543723,34.83097986272254,,,,
14.75,-345.26911225708375,-6.505845667192098,8.994428889954369,34.20911488540208,-1.6558900751317924,6.97871035283719,34.95293852271015,,,,
14.8,-346.4573539776266,-6.551724100730284,9.02221106905225,34.2679274315071,-1.6587656589504556,6.990722604226184,35.01303409434248,,,,
14.85,-348.8399610123123,-6.643714467528534,9.077920010056788,34.38555252526088,-1.6645167947128439,7.014747107001504,35.13322523769405,,,,
14.9,-350.03432632645513,-6.6898264007885935,9.105846771963446,34.44436507283724,-1.6673923481462467,7.026759358388759,35.19332080941284,,,,
14.95,-352.42918054834087,-6.782283767030572,9.161844878585535,34.561990169202346,-1.6731434299444452,7.050783861170762,35.31351195293597,,,,
15.0,-353.665008853857,-6.829993479253915,9.190742580671248,34.622532498766176,-1.6761035341728598,7.063149414073191,35.37537504155835,,,,
15.05,-356.07223033340546,-6.922922423365484,9.247032687867923,34.740157597086586,-1.6818545756106937,7.087173916853678,35.495566185252585,,,,
15.1,-357.27890286997973,-6.969503645282175,9.27525003287065,34.7989701466084,-1.6847300888662706,7.099186168243699,35.55566175714153,,,,
15.15,-359.69837153672825,-7.06289958883735,9.331829305684876,34.916595246192664,-1.6904811042190915,7.123210671024243,35.67585290100237,,,,
15.2,-360.9111676669026,-7.109714310475826,9.360191233496376,34.97540779618434,-1.6933566077772966,7.135222922415078,35.735948472974,,,,
15.25,-363.3428835208513,-7.2035772534745295,9.417059671928154,35.09303289639715,-1.6991076101582154,7.159247425198489,35.856139616998945,,,,
15.3,-364.5618032446256,-7.250625474834749,9.445566182548431,35.15184544655393,-1.7019831103097707,7.171259676591239,35.916235189052,,,,
15.35,-365.78276416626665,-7.29775152943554,9.474120887438298,35.21065799670356,-1.7048586106095456,7.183271927984769,35.97633076113194,,,,
15.4,-368.23080960314877,-7.392237138358819,9.531374880026812,35.328283096869626,-1.7106096139979898,7.207296430767631,36.0965219053723,,,,
15.45,-369.45789411838985,-7.439596692681299,9.560074167725453,35.38709564683332,-1.7134851181787596,7.219308682155268,36.15661747753228,,,,
15.5,-371.918186742472,-7.534549301047913,9.617617325931516,35.50472074640056,-1.71923613399052,7.24333318492871,36.27680862193082,,,,
15.55,-373.1513948513131,-7.582142355092043,9.646461196438933,35.56353329596035,-1.722111646507164,7.255345436318991,36.33690419416919,,,,
15.6,-375.6239346625954,-7.6775619629019145,9.704293520262546,35.68115839453941,-1.7278626827061245,7.279369939102629,36.457095338723974,,,,
15.65,-376.8632663650365,-7.725388516667656,9.73328197357874,35.739970943526934,-1.7307382070567172,7.291382190492483,36.51719091104005,,,,
15.7,-379.34805336351894,-7.821275123920717,9.7914034630199,35.857596040829854,-1.7364892696571113,7.3154066932694235,36.63738205574877,,,,
15.75,-380.6301705981658,-7.8707498866643295,9.821394082733075,35.9181383699517,-1.7394493831026834,7.327772246168504,36.69924514497662,,,,
15.8,-383.1273248543111,-7.967108071786432,9.87980757274882,36.035763465764354,-1.7452004764779345,7.351796748947101,36.81943628983807,,,,
15.85,-384.3789637791837,-8.015403914208255,9.909086609161081,36.09457601327935,-1.7480760312432098,7.363809000338467,36.879531862306415,,,,
15.9,-386.8883652225291,-8.112229098773431,9.967789264794375,36.21220110751017,-1.7538271572850939,7.387833503120076,36.99972300731743,,,,
15.95,-388.1461277410018,-8.160758440916782,9.997212884015411,36.271013654223516,-1.7567027286110388,7.399845754510592,37.059818579859865,,,,
16.0,-390.6677763715473,-8.258050624924996,10.056204705266255,36.38863874685049,-1.7624538877792721,7.423870257291531,37.180009725018024,,,,
16.05,-391.93166248362,-8.306813466789857,10.085772907296066,36.4474512927698,-1.765329475503303,7.43588250868207,37.24010529763351,,,,
16.1,-394.46555830136555,-8.404572650241082,10.145053894164459,36.56507638384313,-1.771080666751985,7.459907011463454,37.36029644293667,,,,
16.15,-395.7355680070384,-8.453568991827444,10.174766679003044,36.62388892900965,-1.7739562700183182,7.471919262854328,37.42039201562414,,,,
16.2,-397.00761891057795,-8.502643166654304,10.20452765811122,36.68270147393933,-1.7768318781739578,7.483931514245317,37.48048758833535,,,,
16.25,-399.5578443112571,-8.601025016029519,10.264194199136346,36.800326563123114,-1.782583108432102,7.507956017027583,37.60067873382863,,,,
16.3,-400.83601880839666,-8.650332690577875,10.294099761053298,36.85913910739649,-1.7854587301363325,7.519968268418815,37.66077430661046,,,,
16.35,-403.39849139627586,-8.749181539396075,10.354055467695975,36.97676419535903,-1.7912099856040884,7.543992771201316,37.780965452243954,,,,
16.4,-404.6827894870155,-8.798722713665923,10.384105612421699,37.035576739070834,-1.794085618900195,7.55600502259251,37.84106102509538,,,,
16.45,-407.2575092620948,-8.898038561927116,10.444350484681927,37.15320182601495,-1.7998368953905501,7.580029525374613,37.96125217086708,,,,
16.5,-408.54793094643446,-8.947813235918462,10.474545212216425,37.21201436927203,-1.8027125380778897,7.592041776764905,38.02134774378724,,,,
16.55,-411.13489790871387,-9.04759608362266,10.535079250094201,37.32963945541873,-1.808463831046873,7.616066279541929,38.14153888969525,,,,
16.6,-412.4314431866536,-9.097604257335512,10.565418560437475,37.38845199833317,-1.8113394808094556,7.6280785309305426,38.201634462682954,,,,
16.65,-415.03065733613323,-9.197854104482731,10.626241763932802,37.506077083906696,-1.8170907856018623,7.6521030337078635,38.32182560872526,,,,
16.7,-416.33332620767305,-9.2480957779171,10.65672565708485,37.56488962659036,-1.8199664401248175,7.664115285096479,38.38192118177966,,,,
16.75,-418.9447875443528,-9.348812624507364,10.717838026197725,37.682514711811194,-1.8257177521924848,7.688139787873398,38.50211232795442,,,,
16.8,-420.2535800094926,-9.39928779766326,10.748466502158548,37.74132725437135,-1.8285934092629825,7.700152039261635,38.562207901074586,,,,
16.85,-422.87728853337245,-9.500471643696592,10.809868036888973,37.85895233944585,-1.834344724348865,7.724176542037539,38.68239904737996,,,,
16.9,-424.1922045921124,-9.55118031657403,10.840641095658572,37.917764881980794,-1.8372203819390176,7.736188793425168,38.74249462056496,,,,
16.95,-426.82816030319225,-9.65283116205046,10.902331796006544,38.03538996709404,-1.8429716962240463,7.760213296199721,38.86268576699912,,,,
17.0,-428.1491999555322,-9.703773334649451,10.933249437584918,38.094202509690014,-1.8458473525546857,7.772225547586643,38.922781340248086,,,,
17.05,-429.4722808057389,-9.754793340488964,10.964215273432883,38.15301505232251,-1.8487230081198067,7.784237798975033,38.982876913517956,,,,
17.1,-432.1245660997522,-9.857066851889556,11.02629152793759,38.27064013772657,-1.8544743163506219,7.808262301759209,39.10306806012089,,,,
17.15,-433.45377054355896,-9.908320357450636,11.05740194659433,38.3294526805123,-1.857349968744806,7.820274553150057,39.16316363345374,,,,
17.2,-436.1183030247725,-10.011060868294383,11.119767366716585,38.447077766279584,-1.8631012695025952,7.84429905592843,39.28335478018154,,,,
17.25,-437.4929363167074,-10.064063375533202,11.151942362515618,38.50762008994812,-1.866061495530946,7.856664608827582,39.34521787044117,,,,
17.3,-440.16983605558374,-10.167275464246028,11.214599783212458,38.62524517616822,-1.8718127869283383,7.880689111606795,39.465409017292764,,,,
17.35,-441.51134772182195,-10.218998258463241,11.246000784965265,38.68405771940136,-1.874688430080205,7.89270136299862,39.52550459074916,,,,
17.4,-444.2004946478984,-10.322677346619257,11.308947371279656,38.801682806126514,-1.8804397110606732,7.9167258657777015,39.64569573772242,,,,
17.45,-445.5481299077366,-10.374633640558065,11.340492955841237,38.86049534962124,-1.8833153488305518,7.928738117165365,39.70579131123904,,,,
17.5,-448.2495240210131,-10.478779728157294,11.403728707773178,38.97812043687611,-1.889066618861228,7.952762619946432,39.82598245833155,,,,
17.55,-449.60328287445134,-10.530969521817715,11.435418875143535,39.03693298063703,-1.891942251124524,7.9647748713372,39.886078031907594,,,,
17.6,-452.31692417492803,-10.635582608860167,11.498943792693025,39.154558068422894,-1.897693510221794,7.988799374114103,40.00626917911847,,,,
17.65,-453.67680662196636,-10.688005902242198,11.530778542872158,39.21337061244431,-1.900569137110939,8.000811625503392,40.0663647527529,,,,
17.7,-456.40269510964316,-10.793085988727873,11.594592626039198,39.33099570073503,-1.9063203857654782,8.024836128285717,40.186555900080094,,,,
17.75,-457.7687011502816,-10.845742781831516,11.626571959027103,39.38980824500031,-1.9091960076295182,8.036848379674568,40.24665147377258,,,,
17.8,-459.13674838878666,-10.898477408175696,11.658599486284603,39.44862078934164,-1.9120716279272016,8.0488606310623,40.30674704748407,,,,
17.85,-461.87896645939685,-11.004180160585667,11.722799123608374,39.56624587823812,-1.9178228640822301,8.072885133844059,40.42693819496391,,,,
17.9,-463.253137291502,-11.05714828665146,11.754971233674649,39.62505842278748,-1.9206984800802875,8.084897385234113,40.487033768732296,,,,
17.95,-466.0076025493123,-11.163318038504654,11.81946003661597,39.74268351207004,-1.9264497082964993,8.108921888010496,40.60722491632511,,,,
18.0,-467.38789697501744,-11.216519664292056,11.851776729491021,39.80149605679448,-1.9293253206748397,8.12093413940136,40.66732049014931,,,,
18.05,-470.1546094200278,-11.323156415588473,11.916554698049893,39.91912114639151,-1.9350765423881051,8.144958642182274,40.78751163785359,,,,
18.1,-471.54102743933305,-11.376591541097488,11.949015973733717,39.97793369125604,-1.9379521518933562,8.156970893570325,40.847607211733305,,,,
18.15,-474.3199870715436,-11.483695291837128,12.014083107910139,40.09555878109416,-1.9437033686306577,8.180995396350347,40.96779835954709,,,,
18.2,-475.7125286844489,-11.537363917067752,12.046688966402739,40.15437132606003,-1.9465789760343244,8.193007647741304,41.02789393348138,,,,
18.25,-478.50373550385956,-11.644934667250615,12.112045266196711,40.271996416065804,-1.952330189334742,8.217032150518483,41.14808508140396,,,,
18.3,-479.9024007103649,-11.698836792202844,12.144795707498085,40.330808961097,-1.9552057953965944,8.229044401907188,41.20818065539189,,,,
18.35,-482.7058547169756,-11.806874541828899,12.210441172909608,40.448434051196436,-1.9609570067421793,8.253068904689481,41.32837180342133,,,,
18.4,-484.110643517081,-11.861010166502732,12.243336197019758,40.507246596258135,-1.963832612178394,8.265081156078635,41.388467377462625,,,,
18.45,-486.9263447108918,-11.969514915571994,12.30927082804883,40.62487168638712,-1.9695838229377243,8.289105658855492,41.508658525597596,,,,
18.5,-488.3372571045972,-12.023884039967422,12.342310434967754,40.68368423144717,-1.9724594283954953,8.301117910247225,41.56875409969123,,,,
18.55,-489.79179905523165,-12.079933556981702,12.37637213636399,40.74422655723771,-1.9754196106273538,8.313483463149405,41.630617190688206,,,,
18.6,-492.66566009770594,-12.190672755535152,12.443671933362133,40.86358142805047,-1.981255399122635,8.3378612674381,41.752575855850004,,,,
18.65,-494.0848573533409,-12.245357791318618,12.476907152316459,40.92239397306751,-1.9841310054814243,8.349873518826474,41.81267143001346,,,,
18.7,-496.9293754582108,-12.354961362607146,12.543522173033882,41.04001906304761,-1.9898822192934777,8.373898021609044,41.932862578391656,,,,
18.75,-498.35469630744575,-12.409879898112203,12.576901974796984,41.09883160800757,-1.9927578268285504,8.385910272998691,41.99295815260618,,,,
18.8,-501.21146159951576,-12.519950468843906,12.643806161131957,41.216456697858675,-1.998509043330903,8.40993477577493,42.113149301085556,,,,
18.85,-502.6429060423508,-12.575102504070546,12.677330545703832,41.27526924274606,-2.0013846523557217,8.421947027165293,42.173244875350086,,,,
18.9,-505.5119185216208,-12.685640074245418,12.744523897656356,41.39289433244047,-2.0071358720672428,8.445971529947318,42.29343602392932,,,,
18.95,-506.94948655805587,-12.741025609193645,12.778192865037006,41.45170687724613,-2.0100114827882107,8.45798378133646,42.35353159824367,,,,
19.0,-509.830746224526,-12.852030178811681,12.845675382607078,41.56933196677107,-2.0157627060183487,8.482008284112695,42.47372274692137,,,,
19.05,-511.27443785456114,-12.907649213481488,12.879488932796505,41.6281445114888,-2.0186383185399426,8.494020535503994,42.53381832128449,,,,
19.1,-514.1679447082315,-13.019120782542684,12.947260615984128,41.74576960083667,-2.0243895454026495,8.51804503828547,42.6540094700596,,,,
19.15,-515.6177599318667,-13.07497331693407,12.981218748982327,41.80458214546719,-2.0272651597369222,8.530057289674465,42.71410504447126,,,,
19.2,-518.5235139727371,-13.186911885438423,13.0492795977875,41.92220723464273,-2.0330163901726452,8.55408179245077,42.83429619334231,,,,
19.25,-519.9794527899724,-13.242997919551387,13.083382313594473,41.981019779188,-2.035892006250723,8.566094043842263,42.89439176780153,,,,
19.3,-522.8974540180428,-13.355403487498892,13.151732328017196,42.09864486819947,-2.041643240051733,8.590118546623582,43.01458291676758,,,,
19.35,-524.3595164288781,-13.411723021333435,13.185979626632946,42.15745741266744,-2.0445188577381597,8.602130798012546,43.074678491274106,,,,
19.4,-525.8236200375801,-13.468120388408503,13.220275119518286,42.216269957111514,-2.047394475921158,8.61414304940062,43.134774065796215,,,,
19.45,-528.7579508485841,-13.58114862228021,13.289010688097743,42.333895045930795,-2.0531457136853497,8.638167552180388,43.25496521488661,,,,
19.5,-530.2281780508861,-13.637779489076856,13.323450763791858,42.392707590308746,-2.056021333217656,8.65017980357172,43.31506078945505,,,,
19.55,-533.1747560490902,-13.75127472239172,13.392475497988864,42.51033267900865,-2.0617725734527905,8.674204306350749,43.43525193863789,,,,
19.6,-534.6511068449922,-13.808139088909941,13.427060156491752,42.56914522333313,-2.064648194101319,8.686216557738803,43.49534751325212,,,,
19.65,-537.6099320303965,-13.922101321667963,13.496374056306307,42.68677031193632,-2.0703994363206757,8.71024106051861,43.61553866252565,,,,
19.7,-539.0924064198987,-13.97919918790776,13.531103297617971,42.74558285621819,-2.073275057834917,8.722253311909757,43.67563423718511,,,,
19.75,-542.063478792503,-14.093628420108937,13.600706363050076,42.86320794475025,-2.0790263015308774,8.746277814688407,43.79582538654876,,,,
19.8,-543.5520767756052,-14.150959786070313,13.635580187170515,42.9220204890031,-2.0819019236564356,8.75829006607628,43.85592096125285,,,,
19.85,-546.5353963354096,-14.265856017714647,13.705472418220172,43.03964557748715,-2.0876531683250903,8.782314568857593,43.976112110705,,,,
19.9,-548.0301179121118,-14.323420883397604,13.740490825149385,43.09845812172177,-2.0905287908149712,8.794326820248239,44.03620768545322,,,,
19.95,-551.0256846591163,-14.4387841144851,13.81067222181659,43.216083210182816,-2.0962800359781735,8.818351323025967,44.156398834993325,,,,
20.0,-552.5265298294186,-14.49658247988964,13.84583521155458,43.27489575441133,-2.099155658602987,8.830363574413875,44.216494409785,,,,
20.05,-555.5343437636232,-14.612412710420298,13.916305773839333,43.392520842868315,-2.104906903825179,8.854388077196381,44.336685559411514,,,,
20.1,-557.0413125275255,-14.670444575546417,13.951613346386099,43.45133338709986,-2.1077825263804364,8.866400328586437,44.39678113424633,,,,
20.15,-560.0613736489303,-14.786741805520244,14.022373074288401,43.56895847557371,-2.1135337712826203,8.890424831363106,44.51697228395857,,,,
20.2,-561.5744660064327,-14.845007170367944,14.057825229643939,43.62777101981697,-2.1164093935945427,8.90243708275245,44.5770678588357,,,,
20.25,-563.0895995618017,-14.903350368456177,14.09332557926907,43.68658356406536,-2.1192850157925145,8.91444933414441,44.63716343372701,,,,
20.3,-566.12599026614,-15.020270264354224,14.164470861328105,43.80420865258233,-2.1250362597912247,8.938473836924473,44.75735458355174,,,,
20.35,-567.6472474151091,-15.078846962164043,14.200115793762011,43.86302119685202,-2.1279118815674773,8.950486088312674,44.81745015848497,,,,
20.4,-570.6958853066475,-15.196233857505261,14.271550241438597,43.98064628541459,-2.133663124622384,8.974510591092,44.93764130839255,,,,
20.45,-572.2232660492166,-15.255044055036661,14.307339756681278,44.03945882970854,-2.136538745884495,8.986522842483422,44.997736883367104,,,,
20.5,-575.2841511279549,-15.372897949821052,14.379063369975414,44.157083918324616,-2.1422899878463015,9.010547345261978,45.117928033357174,,,,
20.55,-576.8176554641242,-15.431941647074039,14.414997468026868,44.21589646264702,-2.1451656085369875,9.022559596649632,45.17802360837253,,,,
20.6,-579.8907877300628,-15.550262541301603,14.487010246938555,44.33352155131914,-2.1509168493240973,9.046584099431314,45.29821475844349,,,,
20.65,-581.4304156598321,-15.60953973827618,14.523088927798785,44.39233409566994,-2.153792469418533,9.058596350821741,45.35831033349925,,,,
20.7,-584.5157951129707,-15.72832763194692,14.59539087232802,44.50995918440121,-2.159543709011943,9.082620853598671,45.47850148365072,,,,
20.75,-586.06154663634,-15.78783832864308,14.631614135997026,44.568771728780796,-2.1624193285148583,9.094633104987631,45.538597058746134,,,,
20.8,-589.1591732766788,-15.907093221756995,14.704205246143811,44.686396817567044,-2.1681705669497897,9.118657607770135,45.65878820897679,,,,
20.85,-590.7110483936482,-15.96683741817475,14.74057309262159,44.74520936197403,-2.1710461858909897,9.130669859159376,45.7188837841118,,,,
20.9,-593.820922221187,-16.086559310731843,14.813453368385925,44.862834450813644,-2.176797423248917,9.154694361935986,45.83907493442071,,,,
20.95,-595.3789209317564,-16.146537006871178,14.849965797672478,44.92164699524479,-2.179673041678687,9.166706613327737,45.89917050959454,,,,
21.0,-598.5010419464953,-16.26672589887145,14.923135239054364,45.039272084130424,-2.1854242780767748,9.190731116108019,46.019361659981044,,,,
21.05,-600.0651642506648,-16.326937094732376,14.959792251149693,45.098084628584054,-2.1882998960610927,9.202743367496172,46.07945723519349,,,,
21.1,-601.6313277527009,-16.38722612383383,14.996497457514614,45.15689717304396,-2.1911755139134805,9.214755618884311,46.13955281041852,,,,
21.15,-604.7697783503735,-16.508037681758335,15.070052453053233,45.27452226198006,-2.1969267492578073,9.238780121666961,46.25974396090667,,,,
21.2,-606.3883400846033,-16.570341463229905,15.107986789140098,45.33506458717638,-2.1998869437521056,9.251145674567994,46.321607053089416,,,,
21.25,-609.5391579399387,-16.6916245990235,15.181833785253298,45.452689676143294,-2.2056381784898136,9.275170177344203,46.44179820365368,,,,
21.3,-611.1176286644063,-16.752382916781087,15.218829574714288,45.51150222063177,-2.2085137957388294,9.287182428735505,46.50189377895435,,,,
21.35,-614.2806937069416,-16.874133052017857,15.292965736445039,45.62912730961876,-2.21426503004365,9.311206931516912,46.62208492959317,,,,
21.4,-615.8652880250094,-16.935124869497034,15.330106108714803,45.68793985411648,-2.2171406471176716,9.323219182905497,46.68218050493103,,,,
21.45,-619.0406002547447,-17.057342004176977,15.404531436063102,45.80556494311706,-2.2228918811530964,9.34724368568299,46.80237165564317,,,,
21.5,-620.6313181664125,-17.118567321377743,15.441816391141641,45.864377487618704,-2.2257674981315185,9.359255937074941,46.862467231017575,,,,
21.55,-623.8188775833482,-17.241251455500862,15.516530884107492,45.982002576624836,-2.231518732050544,9.383280439854353,46.982658381802736,,,,
21.6,-625.415719088616,-17.302710272423212,15.553960421994805,46.04081512112845,-2.234394349006468,9.395292691242167,47.042753957213336,,,,
21.65,-628.6155256927517,-17.425861405989505,15.628964080578207,46.15844021013297,-2.240145582946646,9.419317194022895,47.16294510807008,,,,
21.7,-630.2184907916196,-17.487553722633443,15.666538201274296,46.21725275463399,-2.243021199944109,9.431329445413715,47.22304068351645,,,,
21.75,-633.4305445829553,-17.611171855642908,15.741831025475246,46.334877843632725,-2.2487724340236466,9.455353948191192,47.34323183444457,,,,
21.8,-635.0396332754233,-17.67309767200843,15.77954972898011,46.39369038812955,-2.251648051116337,9.467366199579175,47.403327409926135,,,,
21.85,-636.6507631657579,-17.735101321614486,15.817316626754563,46.45250293262359,-2.2545236682506307,9.479378450970703,47.46342298541934,,,,
21.9,-639.9266836842216,-17.861171513998585,15.894109360764826,46.571857802325745,-2.260359479638996,9.503756255263548,47.585381653368124,,,,
21.95,-641.5439972033877,-17.923410952539186,15.932022258826573,46.63067034681326,-2.2632350969237423,9.515768506652098,47.64547722889665,,,,
22.0,-644.7847478353198,-18.048123329341962,16.007992637758843,46.74829543577975,-2.268986331664267,9.53979300942929,47.76566837998796,,,,
22.05,-646.4081849480858,-18.110596267604144,16.046050118629363,46.807107980257946,-2.271861949124599,9.551805260821506,47.825763955550826,,,,
22.1,-649.6611827672182,-18.235775643850094,16.122309663179184,46.924733069206205,-2.277613184234032,9.575829763601543,47.94595510671081,,,,
22.15,-651.2907434735843,-18.298482081833857,16.16051172685848,46.98354561367604,-2.280488801885302,9.587842014989612,48.00605068230776,,,,
22.2,-654.5559884799167,-18.424128457522976,16.237060437025846,47.10117070260537,-2.2862400373834606,9.611866517768327,48.126241833535076,,,,
22.25,-656.1916727798829,-18.487068395228327,16.27540708351392,47.15998324706496,-2.289115655230351,9.623878769160145,48.186337409165674,,,,
22.3,-659.4691649734152,-18.613181770360615,16.352244959298833,47.27760833597568,-2.2948668911174366,9.647903271939157,48.30652856046021,,,,
22.35,-661.1109728669815,-18.676355207787555,16.39073618859568,47.33642088042683,-2.2977425091557286,9.659915523326816,48.36662413612409,,,,
22.4,-664.400712247714,-18.802935582363013,16.467863229998148,47.45404596931883,-2.303493745414896,9.683940026107535,48.48681528748447,,,,
22.45,-666.0486437348802,-18.866342519511534,16.50649904210377,47.51285851376061,-2.306369363632414,9.695952277498417,48.546910863181225,,,,
22.5,-669.3506303028129,-18.993389893530164,16.583915249123784,47.630483602636986,-2.312120600233156,9.719976780275978,48.66710201460734,,,,
22.55,-671.0046853835793,-19.057030330400266,16.62269564403818,47.68929614707142,-2.314996218611692,9.731989031663918,48.72719759033649,,,,
22.6,-674.318919138712,-19.184544703862066,16.700401016675745,47.80692123593201,-2.320747455512139,9.756013534446758,48.847388741827146,,,,
22.65,-675.9790978130784,-19.248418640453757,16.739325994398918,47.865733780359506,-2.323623074028682,9.76802578583655,48.907484317588604,,,,
22.7,-677.6413176853115,-19.31237041028598,16.778299166391676,47.9245463247853,-2.3264986925856386,9.780038037225012,48.96757989336069,,,,
22.75,-681.0209208140988,-19.442394140776123,16.857539927492038,48.043901194349324,-2.3323345068279258,9.804415841514572,49.089538561871635,,,,
22.8,-682.6893243151633,-19.506581699542885,16.89665909977209,48.10271373876938,-2.3352101254890805,9.816428092906369,49.14963413767574,,,,
22.85,-686.0322549108922,-19.63519031679799,16.975042027140976,48.22033882760647,-2.340961362893228,9.840452595685317,49.26982528931537,,,,
22.9,-687.7067820055568,-19.699611375286338,17.014305782229805,48.27915137202366,-2.343836981630134,9.85246484707297,49.3299208651508,,,,
22.95,-691.061959788486,-19.82868699198461,17.09297787521624,48.3967764608539,-2.349588219158468,9.876489349854598,49.450112016852515,,,,
23.0,-692.7426104767505,-19.89334155019455,17.13238621311384,48.45558900526813,-2.3524638379441254,9.888501601245327,49.51020759271898,,,,
23.05,-696.1100354468799,-20.02288416633599,17.211347471717826,48.57321409409606,-2.3582150755442646,9.912526104022543,49.63039874448265,,,,
23.1,-697.7968097287446,-20.08777222426751,17.250900392424203,48.63202663850961,-2.3610906943533054,9.924538355410409,49.69049432037965,,,,
23.15,-701.1764818860739,-20.217781839852126,17.330150816645737,48.74965172733502,-2.3668419319764182,9.948562858193577,49.81068547220414,,,,
23.2,-702.8693797615387,-20.282903397505226,17.36984832016089,48.808464271748264,-2.3697175507858024,9.960575109583505,49.87078104813162,,,,
23.25,-706.2612991060681,-20.41338001253301,17.449387909999974,48.92608936057626,-2.375468788389163,9.984599612359492,49.99097220001662,,,,
23.3,-707.9603205751329,-20.4787350699077,17.489229996323903,48.98490190499029,-2.37834440717902,9.996611863749052,50.05106777597386,,,,
23.35,-711.3644871068625,-20.609678684378654,17.56905875178054,49.102526993819566,-2.3840956447260275,10.020636366531992,50.17125892791852,,,,
23.4,-713.0696321695273,-20.67526724147493,17.60904542091324,49.161339538235644,-2.38697126348,10.03264861792118,50.23135450390569,,,,
23.45,-716.4860458884569,-20.806677855389058,17.689163341987424,49.2789646270704,-2.3927225009418853,10.056673120697056,50.35154565590932,,,,
23.5,-718.1973145447218,-20.872499912206916,17.729294593928902,49.33777717148813,-2.3955981196473908,10.068685372088837,50.41164123192568,,,,
23.55,-719.9106243988534,-20.9383998022653,17.76947404013997,49.39658971590698,-2.398473738334671,10.080697623480317,50.47173680795193,,,,
23.6,-723.3433677007166,-21.07043308210366,17.849977515370888,49.51421480474844,-2.4042249756513,10.104722126258597,50.59192796003346,,,,
23.65,-725.0628011484482,-21.136566471883636,17.890301544390727,49.57302734917097,-2.407100594279378,10.116734377645997,50.65202353608864,,,,
23.7,-728.5077916375116,-21.269066751165163,17.971094185239195,49.690652438017345,-2.4128518314727314,10.140758880428143,50.772214688227486,,,,
23.75,-730.2333486788432,-21.33543364066672,18.011562797067814,49.749464982442326,-2.4157274500376564,10.152771131818692,50.83231026431133,,,,
23.8,-733.6905863551066,-21.46840091939142,18.09264460353383,49.86709007129626,-2.4214786871036553,10.17679563459549,50.952501416507445,,,,
23.85,-735.4222669900382,-21.535001308614568,18.133257798171222,49.92590261572465,-2.424354305604878,10.188807885983657,51.01259699261947,,,,
23.9,-738.8917518535017,-21.668435586782437,18.21462877025479,50.043527704583234,-2.43010554254496,10.212832388766977,51.13278814487183,,,,
23.95,-740.6295560820334,-21.735269475727172,18.255386547700958,50.10234024901447,-2.4329811609847076,10.224844640156647,51.19288372101206,,,,
24.0,-744.1112881326972,-21.869170753338214,18.337046685402075,50.21996533788043,-2.438732397806236,10.248869142932328,51.313074873320275,,,,
24.05,-745.855215954829,-21.93623814200453,18.37794904565702,50.27877788231402,-2.441608016189149,10.260881394322848,51.37317044948802,,,,
24.1,-749.3491951926927,-22.070606419058745,18.459898348975685,50.396402971183875,-2.447359252903051,10.284905897105306,51.49336160185148,,,,
24.15,-751.0992466084246,-22.137907307446646,18.5009452920394,50.45521551562048,-2.450234871235688,10.296918148494168,51.55345717804692,,,,
24.2,-754.6054730334884,-22.272742583944034,18.583183760975615,50.57284060449593,-2.455986107856617,10.32094265127049,51.673648330464836,,,,
24.25,-756.3616480428203,-22.340276972053523,18.624375286848107,50.63165314893379,-2.458861726146687,10.332954902662745,51.73374390668733,,,,
24.3,-759.8801216550842,-22.47557924799408,18.706902921401873,50.749278237812284,-2.464612962691036,10.356979405443314,51.85393505915948,,,,
24.35,-761.6424202580162,-22.543347135825154,18.74823903008314,50.80809078225276,-2.4674885809472737,10.368991656831406,51.91403063540898,,,,
24.4,-763.4067600588148,-22.611192856896757,18.789623333034,50.86690332669373,-2.4703641991941856,10.381003908218844,51.97412621166729,,,,
24.45,-766.9415632540122,-22.747117798761543,18.8725365217445,50.984528415575134,-2.476115435663905,10.40502841100179,52.094317364210426,,,,
24.5,-768.7120266484109,-22.815197019554734,18.914065407504133,51.04334096001671,-2.478991053888803,10.417040662391976,52.15441294049534,,,,
24.55,-772.2590770308085,-22.95158896086269,18.99726776183218,51.160966048901415,-2.484742290323451,10.441065165168132,52.27460409309144,,,,
24.6,-774.0356640188072,-23.019901681377466,19.03894123040059,51.21977859334362,-2.4876179085349217,10.453077416557324,52.33469966940238,,,,
24.65,-777.5949615884048,-23.156760622128594,19.122432750346185,51.337403682227716,-2.493369144950762,10.47710191934057,52.45489082205062,,,,
24.7,-779.3776721700036,-23.225306842364954,19.16425080172337,51.39621622667038,-2.496244763156985,10.48911417072986,52.514986398387755,,,,
24.75,-782.9492169268012,-23.362632782559253,19.248031487286518,51.51384131555616,-2.501995999569983,10.51313867350541,52.63517755108763,,,,
24.8,-784.7906947723457,-23.433436613728514,19.29122904618012,51.57438364071697,-2.504956194784218,10.525504226408447,52.697040644402264,,,,
24.85,-788.3746067868061,-23.5712341317919,19.37530173231786,51.692008729601135,-2.5107074312073836,10.549528729190087,52.817231797153916,,,,
24.9,-790.1696245908364,-23.64024964068439,19.417410366791106,51.75082127404347,-2.513583049423724,10.56154098057856,52.877327373542435,,,,
24.95,-793.7657837924972,-23.778514158190948,19.50177221854639,51.868446362927266,-2.5193342858684917,10.585565483355587,52.99751852634446,,,,
25.0,-795.5669251901276,-23.84776316680502,19.544025435828413,51.9272589073681,-2.522209904097786,10.597577734747972,53.057614102758095,,,,
25.05,-799.1753315789883,-23.98649468375475,19.628676453201244,52.04488399625015,-2.527961140572616,10.6216022375278,53.1778052556105,,,,
25.1,-800.9825965702188,-24.05597719209041,19.671074253292044,52.10369654069116,-2.5308367588188005,10.633614488915573,53.237900832049114,,,,
25.15,-802.7919027593158,-24.125537533666595,19.71352024765244,52.1625090851317,-2.5337123770711187,10.645626740303541,53.29799640849585,,,,
25.2,-806.4166387311101,-24.264891716540557,19.798556819182,52.28013417401048,-2.5394636135951574,10.669651243086793,53.41818756141409,,,,
25.25,-808.2320685138072,-24.334685557838323,19.84114739635117,52.33894671844987,-2.5423392318672935,10.68166349447646,53.47828313788558,,,,
25.3,-811.8690516728014,-24.474506740155455,19.92647313349828,52.45657180732829,-2.5480904684321577,10.705687997252127,53.59847429085283,,,,
25.35,-813.6906050490986,-24.54453408117481,19.969208293476225,52.51538435176617,-2.550966086724938,10.717700248643128,53.65856986734843,,,,
25.4,-817.3398353952931,-24.68482226293511,20.05482319624089,52.6330094406414,-2.556717323331247,10.741724751424968,53.77876102036421,,,,
25.45,-819.1675123651903,-24.755083103676057,20.097702939027606,52.691821985079,-2.559592941644652,10.753737002813486,53.83885659688411,,,,
25.5,-822.828989898585,-24.895838284879527,20.18360700740982,52.809447073952875,-2.565344178291402,10.777761505591023,53.95904774994758,,,,
25.55,-824.6627904620823,-24.966332625342055,20.22663133300531,52.86825961838877,-2.5682197966243376,10.789773756983141,54.01914332649132,,,,
25.6,-828.3365151826769,-25.1075548059887,20.312824567005073,52.98588470726077,-2.573971033308673,10.813798259762368,54.13933447960256,,,,
25.65,-830.1764393397742,-25.17828264617281,20.355993475409342,53.04469725169674,-2.5768466516596025,10.825810511149884,54.19943005616992,,,,
25.7,-833.862411247569,-25.319971826262623,20.442475875026652,53.16232234056634,-2.582597888377428,10.84983501393129,54.319621209327856,,,,
25.75,-835.7084589982663,-25.390933166168324,20.485789366239693,53.22113488500088,-2.5854735067439094,10.861847265322265,54.37971678591863,,,,
25.8,-839.4066780932612,-25.533089345701306,20.572560931474555,53.33875997387024,-2.5912247434905673,10.885871768099452,54.49990793912339,,,,
25.85,-841.2588494375586,-25.604284185328595,20.61601900549637,53.39757251830469,-2.5941003618700345,10.897884019487083,54.560003515737186,,,,
25.9,-844.9693157197536,-25.74690736430475,20.703079736348784,53.515197607171515,-2.599851598639675,10.92190852227035,54.68019466898784,,,,
25.95,-846.8276106576511,-25.81833570365362,20.746682393179373,53.57401015160514,-2.602727217029304,10.933920773660219,54.74029024562469,,,,
26.0,-848.6879467934153,-25.88984187624302,20.790333244279562,53.63282269603897,-2.6056028354216787,10.945933025048578,54.80038582226917,,,,
26.05,-852.4147426585438,-26.033087721143403,20.877779529288702,53.75044778490576,-2.6113540722132513,10.969957527826203,54.92057697558044,,,,
26.1,-854.281202387908,-26.104827393454386,20.921574963197667,53.80926032933845,-2.614229690611834,10.981969779218442,54.98067255224749,,,,
26.15,-858.0202454402366,-26.248540237797943,21.009310413824355,53.92688541820473,-2.6199809274131685,11.005994281997694,55.100863705604084,,,,
26.2,-859.8928287632009,-26.32051340983051,21.053250430542093,53.98569796263824,-2.6228565458153383,11.018006533385176,55.160959282293554,,,,
26.25,-863.6441190027296,-26.464693253617238,21.14127504678633,54.103323051503644,-2.6286077826210574,11.042031036166199,55.281150435694435,,,,
26.3,-865.5228259192938,-26.536899925371394,21.185359646312843,54.16213559593639,-2.631483401024118,11.054043287557256,55.34124601240611,,,,
26.35,-869.2863633460225,-26.68154676860129,21.273673428174632,54.279760684802866,-2.6372346378295353,11.078067790334515,55.46143716585143,,,,
26.4,-871.171193856187,-26.753986940077034,21.317902610509922,54.33857322923624,-2.6401102562313747,11.090080041722162,55.52153274258494,,,,
26.45,-875.0025656325407,-26.901237132726088,21.407809980834806,54.45792809882019,-2.645946070043896,11.114457846016846,55.64349141303712,,,,
26.5,-876.8935797715366,-26.973913093136368,21.452185163457386,54.51674064325343,-2.6488216884425277,11.126470097406534,55.703586989792726,,,,
26.55,-880.6817316431283,-27.119498513678522,21.54108011151131,54.63436573212076,-2.6545729252354633,11.150494600182174,55.82377814332542,,,,
26.6,-882.5788693757241,-27.19240797381039,21.585599876942663,54.693178276553695,-2.6574485436294055,11.162506851573402,55.88387372010235,,,,
26.65,-886.379268434516,-27.338460393795714,21.674783990614138,54.810803365420355,-2.6631997804117784,11.186531354355296,56.00406487367801,,,,
26.7,-888.2825297607119,-27.41160335364917,21.719448338854264,54.869615909854346,-2.666075398800049,11.198543605743748,56.06416045047649,,,,
26.75,-892.0951760067038,-27.558122773077663,21.80892161814329,54.98724099872225,-2.671826635570265,11.222568108521141,56.18435160409435,,,,
26.8,-894.0045609264998,-27.631499232652704,21.853730549192193,55.04605354315575,-2.674702253952059,11.234580359913377,56.24444718091394,,,,
26.85,-895.9159870441624,-27.70495352546827,21.898587674510686,55.10486608758974,-2.6775778723316717,11.246592611303798,56.304542757740535,,,,
26.9,-899.7449628730878,-27.852095610820996,21.988446507956443,55.22249117645902,-2.683329109084243,11.27061711407998,56.42473391141465,,,,
26.95,-901.6625125843506,-27.92578340335815,22.033448216083713,55.2813037208934,-2.6862047274571066,11.282629365469091,56.484829488261894,,,,
27.0,-905.5037356004761,-28.073392488154045,22.123596215147018,55.39892880976176,-2.6919559641961346,11.30665386825258,56.605020641977454,,,,
27.05,-907.4274089053389,-28.147313780412784,22.168742506083063,55.45774135419668,-2.694831582562412,11.318666119641811,56.66511621884561,,,,
27.1,-911.2808791086646,-28.295389864651852,22.259179670763917,55.57536644306728,-2.7005828192887167,11.342690622417074,56.78530737260224,,,,
27.15,-913.2106760071274,-28.369544656632172,22.30447054450874,55.63417898750178,-2.7034584376487145,11.354702873808854,56.84540294949066,,,,
27.2,-917.0763933976531,-28.518087740314414,22.395196874807144,55.75180407637174,-2.7092096743631098,11.378727376590726,56.96559410328816,,,,
27.25,-919.012313889716,-28.59247603201632,22.44063233136074,55.81061662080739,-2.7120852927176062,11.390739627979126,57.02568968019704,,,,
27.3,-922.8902784674417,-28.741486115141733,22.531647827276693,55.928241709678616,-2.717836529421591,11.414764130756,57.14588083403463,,,,
27.35,-924.8323225531046,-28.81610790656523,22.577227866639063,55.987054254113616,-2.720712147771231,11.42677638214845,57.205976410963544,,,,
27.4,-928.7225343180306,-28.96558498913381,22.668532528172566,56.104679342985,-2.7264633844664106,11.450800884928015,57.326167564841384,,,,
27.45,-930.6707019972936,-29.040440280278887,22.714257150343713,56.16349188742125,-2.729339002812213,11.462813136315521,57.38626314179023,,,,
27.5,-934.5731609494196,-29.19038436229064,22.805850977494764,56.28111697629242,-2.735090239500418,11.486837639096244,57.50645429570736,,,,
27.55,-936.5274522222827,-29.265473153157306,22.851720182474686,56.339929520728084,-2.737965857843144,11.49884989048732,57.56654987267591,,,,
27.6,-940.4421583616088,-29.41588423461223,22.94360317524329,56.45755460960054,-2.7437170945264273,11.522874393264422,57.68674102663257,,,,
27.65,-942.4025732280719,-29.491206525200482,22.989616963031985,56.5163671540368,-2.7465927128671153,11.534886644652282,57.74683660362048,,,,
27.7,-944.3650292924017,-29.56660664902926,23.035678945090268,56.57517969847225,-2.749468331207278,11.546898896044354,57.80693218061488,,,,
27.75,-948.2960650146612,-29.717640396408413,23.12794749201561,56.69280478734409,-2.755219567886585,11.570923398825453,57.927123334623275,,,,
27.8,-950.264644672591,-29.79327401995878,23.174154056882667,56.75161733178053,-2.75809518622593,11.582935650213516,57.98721891163709,,,,
27.85,-954.2079275820507,-29.9447747667811,23.26671176942556,56.869242420652625,-2.763846422904355,11.606960152992102,58.10741006568357,,,,
27.9,-956.1826308335806,-30.020641890053056,23.31306291710139,56.92805496508827,-2.7667220412435456,11.618972404384028,58.16750564271647,,,,
27.95,-960.1381609302405,-30.172609636318548,23.40590979526183,57.045680053960695,-2.7724732779225487,11.642996907162416,58.28769679680127,,,,
28.0,-962.1189877753704,-30.248710259312084,23.45240552574644,57.104492598397236,-2.775348896262429,11.655009158549586,58.34779237385305,,,,
28.05,-966.0867650592303,-30.40114500502075,23.545541569524428,57.2221176872684,-2.7811001329431573,11.679033661332376,58.467983527975264,,,,
28.1,-968.0737154979603,-30.477479127735872,23.592181882817812,57.28093023170425,-2.7839757512841636,11.691045912722938,58.52807910504584,,,,
28.15,-972.0537399690203,-30.63038087288771,23.68560709221335,57.398555320576875,-2.789726987967846,11.71507041549916,58.64827025920563,,,,
28.2,-974.0468140013503,-30.70694849532442,23.732391988315506,57.45736786501294,-2.792602606310524,11.727082666887334,58.708365836294604,,,,
28.25,-978.0390856596105,-30.860317239919425,23.826106363328595,57.57499295388369,-2.798353842997611,11.751107169671265,58.828556990491236,,,,
28.3,-980.0382832855405,-30.93711836207772,23.873035842239528,57.63380549831957,-2.8012294613422335,11.763119421060864,58.88865256759881,,,,
28.35,-984.0428021310007,-31.0909541061159,23.967039382870166,57.75143058719198,-2.8069806980335703,11.78714392383591,59.008843721832136,,,,
28.4,-986.0481233505309,-31.167988727995777,24.014113444589874,57.81024313162727,-2.809856316380249,11.799156175226713,59.06893929895771,,,,
28.45,-990.0648893831913,-31.322291471477126,24.10840615083806,57.92786822049795,-2.8156075530757785,11.823180678009564,59.189130453227406,,,,
28.5,-992.0763341963215,-31.399559593078592,24.155624795366545,57.9866807649338,-2.8184831714246803,11.83519292939826,59.24922603037128,,,,
28.55,-994.0898202073183,-31.476905547920587,24.202891634164615,58.0454933093699,-2.8213587897743553,11.847205180785526,59.30932160752115,,,,
28.6,-998.1229158229122,-31.631830957326166,24.297569894569538,58.16311839824034,-2.82711002647562,11.871229683566721,59.429512761838446,,,,
28.65,-1000.1425254275091,-31.709410411889742,24.344981316176384,58.22193094267552,-2.8299856448273135,11.883241934958027,59.48960833900615,,,,
28.7,-1004.187868230303,-31.86480282073849,24.439948742198858,58.339556031546856,-2.835736881532816,11.90726643773535,59.609799493359304,,,,
28.75,-1006.2136014284999,-31.942615775023654,24.48750474661448,58.398368575982694,-2.838612499886499,11.919278689122457,59.669895070544605,,,,
28.8,-1010.2711914184939,-32.09847518331557,24.582761338254503,58.51599366485238,-2.844363736595579,11.943303191905972,59.79008622493277,,,,
28.85,-1012.303048210291,-32.176521637322324,24.6304619254789,58.574806209287594,-2.847239354950968,11.955315443296241,59.85018180213571,,,,
28.9,-1016.3728853874852,-32.33284804505742,24.726007682736473,58.692431298158915,-2.852990591663393,11.979339946071931,59.97037295655896,,,,
28.95,-1018.4108657728823,-32.41112799878576,24.773852852769643,58.7512438425941,-2.8558662100202903,11.991352197460893,60.03046853377905,,,,
29.0,-1022.4929501372766,-32.567921405964015,24.869687775644763,58.868868931463616,-2.861617446735222,12.015376700244481,60.150659688236836,,,,
29.05,-1024.5370541162738,-32.64643485941393,24.91767752848671,58.92768147589893,-2.8644930650933067,12.02738895163362,60.210755265474354,,,,
29.1,-1028.631385667868,-32.80369526603536,25.013801616979382,59.04530656476994,-2.8702443018104358,12.051413454409008,60.330946419966345,,,,
29.15,-1030.6816132404651,-32.88244221920688,25.061935952630105,59.10411910920441,-2.8731199201693407,12.063425705801293,60.391041997220775,,,,
29.2,-1034.7881919792599,-33.040169625271474,25.158349206740326,59.2217441980743,-2.8788711568878274,12.087450208582638,60.51123315174689,,,,
29.25,-1036.844543145457,-33.119150078164566,25.20662812519982,59.280556742509766,-2.8817467752474,12.099462459970695,60.57132872901839,,,,
29.3,-1040.9633690714513,-33.277344483672344,25.30333054492759,59.39818183138005,-2.8874980119667715,12.123486962748402,60.69151988357788,,,,
29.35,-1043.0258438312485,-33.35655843628703,25.35175404619586,59.45699437581456,-2.8903736303265517,12.135499214140964,60.75161546086612,,,,
29.4,-1045.0903597889126,-33.43585022214224,25.40022574173372,59.5158069202495,-2.8932492486864243,12.147511465531501,60.811711038159935,,,,
29.45,-1049.2255152978407,-33.59466729357423,25.497313715618226,59.63343200912042,-2.899000485406169,12.171535968307483,60.93190219276414,,,,
29.5,-1051.2961548491048,-33.674192579151025,25.54592999396486,59.692244553555625,-2.9018761037660106,12.183548219695739,60.99199777007432,,,,
29.55,-1055.4435575452328,-33.833476650026206,25.64330713346692,59.80986964242479,-2.9076273404853223,12.207572722479812,61.1121889247114,,,,
29.6,-1057.520320690097,-33.913235435324594,25.692067994622327,59.86868218685996,-2.910502958844897,12.219584973869338,61.17228450203818,,,,
29.65,-1061.6799705734252,-34.07298650564293,25.789734299741934,59.986307275731065,-2.916254195563673,12.243609476644199,61.29247565670798,,,,
29.7,-1063.7628573118893,-34.15297879066289,25.838639743706118,60.04511982016572,-2.9191298139227713,12.255621728035173,61.352571234050814,,,,
29.75,-1068.05758083938,-34.31791386967937,25.939479176038372,60.16620447047269,-2.9250502046615274,12.280352833840926,61.476297422715234,,,,
29.8,-1070.146711241907,-34.39814423284684,25.98853203776837,60.225017014908104,-2.9279258230201117,12.292365085229449,61.53639300007473,,,,
29.85,-1074.331095640561,-34.558838458903345,26.08678234403714,60.3426421037789,-2.9336770597366337,12.316389588005652,61.65658415480953,,,,
29.9,-1076.426349636688,-34.63930232179239,26.135979788575913,60.40145464821342,-2.936552678094478,12.328401839398335,61.716679732184936,,,,
29.95,-1080.622981222542,-34.80046354729208,26.234519260462235,60.51907973708375,-2.9423039148096066,12.352426342178392,61.8368708869518,,,,
30.0,-1082.724358812269,-34.88116090990272,26.28386128780978,60.57789228151942,-2.945179533166869,12.364438593565914,61.89696646434312,,,,
30.05,-1086.9332375853232,-35.04278913484556,26.382689925313656,60.695517370389496,-2.9509307698805722,12.388463096345976,62.01715761914123,,,,
30.1,-1089.0407387686503,-35.12371999717779,26.432176535469978,60.75432991482436,-2.9538063882370613,12.400475347737652,62.07725319654826,,,,
30.15,-1091.150281149844,-35.204728692750535,26.481711339895888,60.81314245925965,-2.9566820065933355,12.412487599127328,62.13734877396051,,,,
30.2,-1095.3754895058314,-35.366979583617635,26.580925531556495,60.93076754813109,-2.9624332433053038,12.436512101902292,62.25753992880048,,,,
30.25,-1097.4911554806254,-35.44822177891196,26.630604918791178,60.989580092565944,-2.9653088616608794,12.4485243532932,62.31763550622805,,,,
30.3,-1101.7286110238133,-35.610939669222205,26.730108276069338,61.1072051814359,-2.9710600983714324,12.47254885607595,62.43782666109898,,,,
30.35,-1103.8504005922073,-35.69241536423813,26.779932246112796,61.16601772587149,-2.973935716726462,12.4845611074645,62.49792223854215,,,,
30.4,-1108.1001033225948,-35.85560025399157,26.879724769008504,61.28364281474261,-2.979686953435954,12.508585610240726,62.61811339344353,,,,
30.45,-1110.2280164845888,-35.93730944872907,26.92969332186074,61.3424553591773,-2.982562571790358,12.52059786163348,62.678208970901885,,,,
30.5,-1114.4899664021768,-36.10096133792566,27.029775010374,61.460080448047904,-2.988313808498855,12.544622364413609,62.79840012583387,,,,
30.55,-1116.6240031577709,-36.18290403238475,27.079888146035007,61.51889299248376,-2.991189426852893,12.556634615801109,62.858495703307426,,,,
30.6,-1120.898200262559,-36.347022921024525,27.180259000165815,61.63651808135413,-2.996940663560555,12.580659118581039,62.978686858269235,,,,
30.65,-1123.0383606117528,-36.4291991152052,27.2305167186356,61.69533062578909,-2.999816281914175,12.59267136997297,63.03878243575778,,,,
30.7,-1127.3248049037409,-36.59378500328813,27.331176738383956,61.81295571466021,-3.005567518621283,12.616695872751002,63.15897359074978,,,,
30.75,-1129.471088846535,-36.6761946971904,27.381579039662515,61.8717682590962,-3.008443136974749,12.628708124137788,63.219069168253164,,,,
30.8,-1133.83305729499,-36.84367715594035,27.484014210195827,61.99112312868478,-3.0142789506917014,12.653085928432011,63.341027840260246,,,,
30.85,-1135.9855248666158,-36.926322638777144,27.53456251176168,62.04993567311999,-3.0171545690449695,12.665098179822767,63.40112341777855,,,,
30.9,-1138.1400336361082,-37.00904595485447,27.585159007597127,62.108748217555586,-3.020030187398204,12.67711043121165,63.461218995301735,,,,
30.95,-1142.4551747686926,-37.17472608673072,27.686496582076796,62.22637330642715,-3.0257814241046623,12.701134933986776,63.581410150362544,,,,
31.0,-1144.6158071317848,-37.257682902529645,27.737237660721018,62.28518585086184,-3.0286570424578096,12.71314718537934,63.64150572790016,,,,
31.05,-1148.9431954515692,-37.42383003384908,27.838864400818238,62.40281093973232,-3.034408279164169,12.737171688160775,63.76169688299019,,,,
31.1,-1151.1099514082616,-37.507020349369576,27.889750062271233,62.4616234841681,-3.03728389751745,12.749183939548747,63.8217924605424,,,,
31.15,-1155.4495869152465,-37.673634480132165,27.991665967986005,62.57924857303908,-3.043035134223977,12.773208442326077,63.94198361566089,,,,
31.2,-1157.6224664655388,-37.75705829537426,28.042696212247776,62.63806111747388,-3.045910752577273,12.78522069371881,64.00207919322743,,,,
31.25,-1161.9743491597233,-37.92413942558003,28.144901283580097,62.75568620634469,-3.0516619892840646,12.809245196498361,64.12227034837474,,,,
31.3,-1164.1533523036157,-38.007796740543704,28.19607611065064,62.814498750780594,-3.0545376076375867,12.821257447885682,64.1823659259555,,,,
31.35,-1168.5174821850007,-38.17534487019264,28.29857034760051,62.93212383965315,-3.060288844344924,12.84528195065657,64.30255708113113,,,,
31.4,-1170.7026089224933,-38.2592356848779,28.34988975747983,62.99093638408972,-3.0631644626986763,12.857294202040606,64.36265265872596,,,,
31.45,-1175.0789859910783,-38.42725081397002,28.45267316004725,63.10856147296249,-3.0689156994064386,12.881318704809075,64.4828438139294,,,,
31.5,-1177.2702363221706,-38.511375128376855,28.504137152735343,63.167374017396426,-3.071791317760195,12.89333095620465,64.54293939153796,,,,
31.55,-1181.6588605779557,-38.67985725691213,28.607209720920316,63.28499910626532,-3.0775425544680424,12.917355458993399,64.66313054676947,,,,
31.6,-1183.8562345026482,-38.76421507104057,28.65881829641718,63.34381165070043,-3.080418172822147,12.929367710384392,64.72322612439213,,,,
31.65,-1188.2571059456334,-38.93316419901903,28.762180030219703,63.46143673957173,-3.086169409530662,12.953392213161232,64.84341727965125,,,,
31.7,-1190.460603463926,-39.017755512869044,28.813933188525343,63.52024928400779,-3.0890450278850645,12.965404464547598,64.90351285728765,,,,
31.75,-1192.6661421800854,-39.10242465995958,28.865734541100586,63.57906182844404,-3.091920646239548,12.977416715932929,64.96360843492862,,,,
31.8,-1197.0833432060042,-39.27199645386226,28.96948182905983,63.69668691731514,-3.0976718829486396,13.001441218708468,65.08379959022373,,,,
31.85,-1199.2950055157635,-39.3568991006744,29.02142776444385,63.75549946174922,-3.1005475013031343,13.013453470104402,65.14389516787827,,,,
31.9,-1203.724453728882,-39.52693789402025,29.125464218020642,63.87312455061882,-3.106298738012534,13.037477972889246,65.26408632320087,,,,
31.95,-1205.9422396322416,-39.61207404055396,29.177554736213434,63.93193709505423,-3.1091743563673684,13.049490224278728,65.32418190086892,,,,
32.0,-1210.3839350325607,-39.782579833342986,29.28188035540778,64.04956218392594,-3.1149255930772357,13.073514727053235,65.44437305621838,,,,
32.05,-1212.6078445295202,-39.86794947959829,29.334115456409343,64.10837472836212,-3.117801211432313,13.085526978438768,65.50446863389976,,,,
32.1,-1217.0617871170389,-40.03892227183049,29.43873024122124,64.22599981723307,-3.1235524481424397,13.109551481215124,65.62465978927548,,,,
32.15,-1219.2918202075982,-40.12452541780737,29.49110992503158,64.28481236166735,-3.12642806649745,13.121563732609735,65.68475536697005,,,,
32.2,-1223.7580099823174,-40.29596520948273,29.596013875461026,64.40243745053726,-3.132179303207777,13.14558823539286,65.80494652237253,,,,
32.25,-1225.994166666477,-40.38180185518121,29.648538142080138,64.46124999497276,-3.1350549215630257,13.15760048678172,65.8650421000803,,,,
32.3,-1230.4726036283962,-40.553708646299754,29.753731258127132,64.57887508384462,-3.1408061582736173,13.181624989555356,65.98523325550897,,,,
32.35,-1232.714883906156,-40.639778791719806,29.80640010755502,64.63768762828052,-3.143681776628989,13.193637240941591,66.04532883322968,,,,
32.4,-1237.2055680552753,-40.812152582281506,29.911882389219567,64.75531271714956,-3.149433013339482,13.217661743727795,66.16551998868407,,,,
32.45,-1239.453971926635,-40.898456227423154,29.96469582145623,64.8141252615844,-3.1523086316947873,13.229673995119885,66.22561556641782,,,,
32.5,-1243.9569032629543,-41.071297017428044,30.070467268738327,64.9317503504552,-3.1580598684054957,13.253698497898515,66.34580672189819,,,,
32.55,-1246.211430727914,-41.15783416229127,30.12342528378376,64.99056289489106,-3.160935486760889,13.26571074928563,66.40590229964478,,,,
32.6,-1248.4679993907405,-41.24444914039503,30.17643149309879,65.04937543932716,-3.1638111051162987,13.277723000671585,66.46599787739562,,,,
32.65,-1252.9872603099934,-41.41791259632413,30.282588494537617,65.16700052819715,-3.1695623418269077,13.301747503452505,66.58618903290967,,,,
32.7,-1255.2499525664198,-41.50476107414948,30.335739286661422,65.22581307263175,-3.172437960182187,13.313759754845817,66.6462846106732,,,,
32.75,-1259.7814606728728,-41.67869152952176,30.442185453717798,65.34343816150216,-3.178189196892776,13.337784257626351,66.76647576621285,,,,
32.8,-1262.0502765228994,-41.76577350706869,30.49548082865038,65.40225070593787,-3.181064815248125,13.349796509014194,66.82657134398897,,,,
32.85,-1266.5940318165526,-41.940170961884135,30.602216161324304,65.51987579480976,-3.186816051958742,13.37382101178704,66.9467624995536,,,,
32.9,-1268.8689712601793,-42.02748643915265,30.655656119065657,65.57868833924444,-3.1896916703139198,13.385833263178792,67.00685807734196,,,,
32.95,-1273.4249737410323,-42.20235089341128,30.76268061735713,65.69631342811388,-3.195442907024217,13.409857765964292,67.12704923293158,,,,
33.0,-1275.706036778259,-42.28989987040137,30.81626515790726,65.75512597254918,-3.198318525379382,13.421870017354038,67.18714481073253,,,,
33.05,-1280.2742864463123,-42.46523132410316,30.923578821816285,65.87275106142077,-3.2040697620897327,13.445894520129023,67.30733596634683,,,,
33.1,-1282.561473077139,-42.55301380081485,30.97730794517519,65.9315636058568,-3.2069453804448953,13.457906771515017,67.36743154416003,,,,
33.15,-1287.1419699323924,-42.72881225395982,31.084910774701765,66.04918869472611,-3.212696617154888,13.481931274299887,67.48762269979852,,,,
33.2,-1289.435280156819,-42.81682823039309,31.138784480869447,66.10800123916096,-3.215572235509887,13.493943525691936,67.54771827762394,,,,
33.25,-1294.0280241992727,-42.99309368298122,31.24667647601357,66.22562632803182,-3.221323472219856,13.517968028470463,67.66790943328695,,,,
33.3,-1296.3274580172995,-43.081343159136075,31.300694764990023,66.28443887246772,-3.224199090574877,13.529980279857512,67.7280050111245,,,,
33.35,-1300.932449246953,-43.25807561116739,31.408875925751694,66.40206396133907,-3.229950327284759,13.554004782632472,67.84819616681135,,,,
33.4,-1303.23800665858,-43.34655858704383,31.463038797536925,66.46087650577343,-3.232825945639545,13.566017034026576,67.9082917446608,,,,
33.45,-1305.5456052680736,-43.4351193961608,31.517249863591744,66.51968905020819,-3.2357015639943807,13.578029285419142,67.9683873225143,,,,
33.5,-1310.166926080661,-43.61247451411633,31.625816578510154,66.63731413907892,-3.2414528007040553,13.602053788198436,68.08857847823322,,,,
33.55,-1312.4806482837544,-43.70126882295489,31.680172227373745,66.69612668351476,-3.244328419058902,13.614066039585762,68.1486740560986,,,,
33.6,-1317.1142162835413,-43.87909094035359,31.789028107909704,66.81375177238634,-3.2500796557685674,13.638090542359873,68.26886521184093,,,,
33.65,-1319.434062080235,-43.96811874891373,31.843528339582072,66.87256431682071,-3.2529552741232255,13.650102793753678,68.32896078971794,,,,
33.7,-1324.0798772672224,-44.146407865755606,31.95267338573558,66.99018940569053,-3.2587065108326048,13.674127296537563,68.44915194548393,,,,
33.75,-1326.4058466575161,-44.23566917403734,32.007318200216716,67.04900195012603,-3.261582129187336,13.686139547926647,68.50924752337278,,,,
33.8,-1331.0639090317036,-44.414425290322384,32.116752411987775,67.16662703899786,-3.2673333658968207,13.710164050700497,68.62943867916204,,,,
33.85,-1333.3960020155973,-44.50392009832569,32.17154180927769,67.22543958343365,-3.270208984251553,13.722176302087295,68.68953425706229,,,,
33.9,-1338.0663115769848,-44.683143214053906,32.2812651866663,67.34306467230276,-3.275960220960743,13.746200804873716,68.80972541287446,,,,
33.95,-1340.4045281544786,-44.77287152177881,32.33619916676499,67.40187721673779,-3.278835839315387,13.758213056265053,68.86982099078635,,,,
34.0,-1345.0870849030662,-44.95256163695021,32.446211709771156,67.51950230560895,-3.284587076024736,13.78223755904239,68.99001214662164,,,,
34.05,-1347.4314250741602,-45.04252344439669,32.50129027267862,67.57831485004496,-3.2874626943794274,13.794249810428926,69.05010772454494,,,,
34.1,-1352.126229009948,-45.222680559011245,32.611591981302325,67.69593993891559,-3.2932139310887014,13.818274313207052,69.17029888040257,,,,
34.15,-1354.4766927746418,-45.31287586617932,32.66681512701856,67.75475248335006,-3.296089549443297,13.8302865646011,69.2303944583372,,,,
34.2,-1359.1837438976295,-45.49349998023706,32.77740600125982,67.87237757222034,-3.3018407861525336,13.854311067382618,69.3505856142177,,,,
34.25,-1361.5403312559235,-45.58392878712671,32.832773729784826,67.93119011665603,-3.3047164045072424,13.866323318770764,69.41068119216358,,,,
34.3,-1363.8989598120843,-45.674435427256896,32.88818965257944,67.99000266109199,-3.3075920228619355,13.87833557015751,69.47077677011318,,,,
34.35,-1368.6223405180058,-45.85568220723885,32.999166080977425,68.1076277499631,-3.313343259571301,13.90236007293358,69.59096792602318,,,,
34.4,-1370.9870926677665,-45.946422347090625,33.05472658658081,68.16644029439745,-3.31621887792589,13.9143723243279,69.65106350398382,,,,
34.45,-1375.7227205608876,-46.128136126515756,33.16599218059635,68.28406538326756,-3.321970114635184,13.938396827110338,69.77125465991627,,,,
34.5,-1378.0935963042484,-46.219109766089105,33.22169726900851,68.34287792770319,-3.3248457329899157,13.950409078498826,69.83135023788802,,,,
34.55,-1382.84147138457,-46.401290544957405,33.333252028641596,68.46050301657522,-3.330596969699427,13.974433581271667,69.95154139384242,,,,
34.6,-1385.2184707215308,-46.492497684252356,33.38910169986253,68.51931556101044,-3.333472588054118,13.986445832660795,70.01163697182484,,,,
34.65,-1389.9785929890525,-46.675145462563826,33.50094562511317,68.63694064987953,-3.33922382476346,14.010470335447767,70.13182812780097,,,,
34.7,-1392.3617159196135,-46.76658610158035,33.556939879142874,68.69575319431472,-3.342099443118154,14.022482586838327,70.1919237057945,,,,
34.75,-1397.1340853743352,-46.94970087933499,33.669072970011065,68.81337828318613,-3.3478506798277468,14.046507089614371,70.31211486179237,,,,
34.8,-1399.523331898496,-47.041375018073104,33.72521180684954,68.87219082762222,-3.350726298182553,14.058519341000364,70.37221043979665,,,,
34.85,-1404.3079485404178,-47.22495679527093,33.83763406333528,68.9898159164922,-3.3564775348920453,14.082543843781641,70.49240159581562,,,,
34.9,-1406.703318658179,-47.31686443373062,33.89391748298254,69.04862846092684,-3.359353153246765,14.094556095174873,70.5524971738306,,,,
34.95,-1411.5001824873011,-47.5009132103716,34.00662890508582,69.16625354979742,-3.365104389956321,14.118580597955027,70.67268832987125,,,,
35.0,-1413.901676198662,-47.59305434855289,34.063056907541856,69.2250660942332,-3.3679800083112,14.130592849342612,70.73278390789686,,,,
35.05,-1418.7107872149838,-47.77757012463705,34.17605749526269,69.34269118310505,-3.3737312450208896,14.154617352115604,70.85297506395844,,,,
35.1,-1421.1184045199448,-47.869944762539916,34.2326300805275,69.40150372753955,-3.3766068633756574,14.166629603508614,70.9130706419944,,,,
35.15,-1423.5280630227726,-47.96239723368331,34.2892508600619,69.46031627197407,-3.3794824817304354,14.17864185490233,70.973166220034,,,,
35.2,-1428.3535036220283,-48.1475356756917,34.40263700193947,69.57794136084448,-3.3852337184400847,14.202666357683206,71.0933573761237,,,,
35.25,-1430.769285718456,-48.24022164655669,34.45940236428264,69.6367539052802,-3.388109336794965,14.21467860907104,71.15345295417374,,,,
35.3,-1435.6069735049118,-48.42582708800824,34.57307767177776,69.75437899415223,-3.3938605735047775,14.238703111843426,71.27364411028411,,,,
35.35,-1438.0288791949397,-48.518746558594806,34.62998761692971,69.81319153858699,-3.396736191859576,14.250715363234939,71.33373968834428,,,,
35.4,-1442.8788141685955,-48.70481899948953,34.74395209004238,69.9308166274563,-3.4024874285692035,14.274739866021111,71.45393084447532,,,,
35.45,-1445.3068434522233,-48.79797196979769,34.80100661800311,69.98962917189161,-3.405363046924043,14.286752117410987,71.51402642254598,,,,
35.5,-1450.1690256130792,-48.984511410135596,34.91526025673332,70.10725426076323,-3.4111142836338786,14.310776620185884,71.6342175786975,,,,
35.55,-1452.6031784903073,-49.07789788016533,34.97245936750282,70.16606680519934,-3.413989901988822,14.32278887157159,71.69431315677829,,,,
35.6,-1457.4776078383632,-49.264904319946396,35.08700217185058,70.28369189406862,-3.4197411386984196,14.34681337435645,71.81450431294981,,,,
35.65,-1459.917884309191,-49.358524289697726,35.14434586542886,70.34250443850345,-3.422616757053272,14.3588256257488,71.87459989104079,,,,
35.7,-1464.8045608444472,-49.545997728921975,35.25917783539417,70.4601295273743,-3.428367993763028,14.382850128527501,71.99479104723277,,,,
35.75,-1467.2509609088754,-49.63985119839488,35.316666111781224,70.51894207181022,-3.431243612117948,14.394862379914462,72.05488662533375,,,,
35.8,-1472.1498846313318,-49.82779163706229,35.431787247364085,70.63656716068168,-3.436994848827799,14.418886882688811,72.17507778154547,,,,
35.85,-1474.60240828936,-49.92187860625679,35.48942010655991,70.69537970511601,-3.439870467182553,14.430899134083104,72.23517335965633,,,,
35.9,-1479.513579199016,-50.11028604436738,35.604830407760325,70.81300479398587,-3.4456217038922503,14.454923636866678,72.35536451588814,,,,
35.95,-1481.9722264506443,-50.20460651328346,35.662607849764925,70.8718173384214,-3.448497322247122,14.466935888255508,72.41546009400899,,,,
36.0,-1484.4329149001392,-50.299004815440064,35.72043348603911,70.93062988285726,-3.451372940602018,14.478948139642768,72.47555567213313,,,,
36.05,-1489.360415392729,-50.48803491947488,35.83622934139626,71.04825497172894,-3.457124177311847,14.502972642416271,72.59574682839094,,,,
36.1,-1491.827227435824,-50.582666721353085,35.89419956047923,71.1070675161633,-3.459999795666619,14.51498489381014,72.65584240652471,,,,
36.15,-1496.7669751156138,-50.77216382483106,36.01028458145393,71.22469260503297,-3.465751032376238,14.539009396594581,72.77603356280225,,,,
36.2,-1499.2399107523088,-50.86702912643084,36.06839938334567,71.28350514946845,-3.468626650731094,14.551021647983735,72.8361291409459,,,,
36.25,-1504.1919056192987,-51.056993229351995,36.18477356993792,71.4011302383403,-3.474377887440889,14.5750461507574,72.95632029724278,,,,
36.3,-1506.6709648495937,-51.152092030673366,36.24303295463843,71.4599427827762,-3.4772535057957845,14.587058402143779,73.01641587539592,,,,
36.35,-1511.6352069037837,-51.342523133037695,36.35969630684823,71.5775678716452,-3.4830047425053206,14.61108290493046,73.13660703171183,,,,
36.4,-1514.120389727679,-51.437855434080646,36.41810027435751,71.6363804160802,-3.485880360860134,14.623095156322032,73.19670260987469,,,,
36.45,-1519.0968789690692,-51.62875353588814,36.535052792184864,71.75400550495131,-3.4916315975698224,14.647119659099435,73.31689376620989,,,,
36.5,-1521.5881853865642,-51.724319336652684,36.59360134250292,71.81281804938735,-3.494507215924723,14.659131910485858,73.37698934438227,,,,
36.55,-1526.5769218151543,-51.91568443790335,36.710843025947824,71.93044313825808,-3.5002584526343252,14.683156413263351,73.49718050073604,,,,
36.6,-1529.0743518262495,-52.01148373838947,36.769536159074654,71.98925568269247,-3.503134070989078,14.695168664657789,73.55727607891781,,,,
36.65,-1534.1489402368454,-52.206139222265485,36.88879684130005,72.10861055228135,-3.5089698847091437,14.719546468951144,73.67923475229632,,,,
36.7,-1536.6525538767721,-52.30217431168616,36.94763597471418,72.16742309671704,-3.5118455030639666,14.731558720339233,73.73933033048756,,,,
36.75,-1541.665904750225,-52.49447799024908,37.06545882435121,72.28504818558918,-3.5175967397737393,14.755583223111358,73.85952148687927,,,,
36.8,-1544.1756419837518,-52.59074657939133,37.12444254057412,72.3438607300242,-3.5204723581285404,14.767595474501487,73.91961706507956,,,,
36.85,-1546.6874204151452,-52.68709300177411,37.183474451066616,72.40267327445851,-3.523347976483244,14.779607725896092,73.97971264328312,,,,
36.9,-1551.717100871532,-52.880019346261264,37.30168285486039,72.52029836332852,-3.529099213192817,14.803632228678847,74.09990379969955,,,,
36.95,-1554.2350028965254,-52.97659926836564,37.360859348161654,72.57911090776415,-3.531974831547638,14.815644480067299,74.15999937791237,,,,
37.0,-1559.2769305401123,-53.16999261229596,37.47935691757297,72.69673599663622,-3.537726068257374,14.83966898283982,74.28019053434711,,,,
37.05,-1561.8009561587057,-53.266806034121906,37.53867799368301,72.75554854107155,-3.5406016866121486,14.8516812342287,74.34028611256886,,,,
37.1,-1566.8551309894926,-53.4606663774954,37.65746472871188,72.8731736299405,-3.546352923321648,14.875705737016158,74.46047726902174,,,,
37.15,-1569.385280201686,-53.557713299042945,37.71693038763069,72.93198617437565,-3.5492285416764107,14.887717988406838,74.52057284725275,,,,
37.2,-1574.4517022196733,-53.75204064185961,37.83600628827711,73.04961126324706,-3.5549797783860746,14.91174249118277,74.6407640037238,,,,
37.25,-1576.987975025467,-53.84932106312873,37.8956165300047,73.1084238076832,-3.557855396740977,14.92375474256858,74.70085958196383,,,,
37.3,-1582.0666442306542,-54.04411540538857,38.01498159626867,73.22604889655321,-3.5636066334504655,14.94777924534969,74.82105073845248,,,,
37.35,-1584.6090406300477,-54.14162932637928,38.07473642080504,73.2848614409878,-3.566482251805212,14.959791496743208,74.88114631670145,,,,
37.4,-1589.6999570224348,-54.33689066808228,38.19439065268655,73.40248652985832,-3.572233488514844,14.983815999523543,75.00133747320828,,,,
37.45,-1592.2484770154285,-54.43463808879458,38.2542900600317,73.46129907429413,-3.575109106869661,14.995828250911025,75.06143305146612,,,,
37.5,-1597.351640595016,-54.63036642994076,38.37423345753076,73.57892416316609,-3.580860343579401,15.019852753683551,75.1816242079905,,,,
37.55,-1599.9062841816099,-54.72834735037464,38.43427744768468,73.63773670760055,-3.583735961934129,15.031865005076591,75.24171978625694,,,,
37.6,-1605.0216949483972,-54.92454269096399,38.55451001080129,73.75536179647001,-3.5894871986436314,15.055889507862206,75.36191094279901,,,,
37.65,-1607.582462128591,-55.02275711111945,38.61469858376398,73.8141743409054,-3.5923628169984543,15.067901759251722,75.42200652107441,,,,
37.7,-1610.1452705066515,-55.12104936451544,38.67493535099626,73.87298688534115,-3.5952384353532962,15.079914010639488,75.48210209935272,,,,
37.75,-1615.2770108563725,-55.317867371029024,38.79555346826961,73.99061197421328,-3.6009896720630294,15.103938513411435,75.60229325591791,,,,
37.8,-1617.845942828033,-55.41639312414661,38.855934818310665,74.04942451864805,-3.6038652904177724,15.115950764802848,75.66238883420465,,,,
37.85,-1622.9899303649543,-55.61367813010335,38.97684210120156,74.16704960751724,-3.6096165271273204,15.139975267589548,75.78257999078718,,,,
37.9,-1625.5649859302148,-55.71243738294252,39.0373680340514,74.22586215195257,-3.612492145482094,15.151987518979494,75.84267556908277,,,,
37.95,-1630.7212206543359,-55.91018938834244,39.15856448255984,74.34348724082422,-3.6182433821918196,15.17601202175421,75.96286672568247,,,,
38.0,-1633.3023998131964,-56.0091821409032,39.219234998218454,74.4022997852604,-3.6211190005467233,15.188024273139666,76.02296230398655,,,,
38.05,-1638.4708817245175,-56.20740114574628,39.34072061234445,74.51992487412966,-3.6268702372561865,15.212048775924641,76.14315346060296,,,,
38.1,-1641.0581844769783,-56.30662739802862,39.401535710811835,74.57873741856444,-3.629745855610964,15.22406102731722,76.20324903891557,,,,
38.15,-1646.2389135755,-56.50531340231488,39.52331049055538,74.69636250743527,-3.6354970923206187,15.248085530095993,76.3234401955492,,,,
38.2,-1648.8323399215606,-56.60477315431881,39.58427017183154,74.7551750518712,-3.6383727106754638,15.260097781482825,76.38353577387022,,,,
38.25,-1654.025316207282,-56.80392615804824,39.70633411719263,74.87280014074281,-3.6441239473852165,15.284122284256696,76.50372693052041,,,,
38.3,-1656.6248661469428,-56.903619409773746,39.767438381277564,74.93161268517704,-3.6469995657399417,15.296134535651195,76.56382250884965,,,,
38.35,-1661.8300896198646,-57.10323941294635,39.88979149225621,75.04923777404686,-3.652750802449513,15.320159038435154,76.68401366551677,,,,
38.4,-1664.4357631531254,-57.20316616439345,39.95104033914991,75.10805031848238,-3.655626420804332,15.332171289823984,76.74410924385445,,,,
38.45,-1669.653233813247,-57.403253167009225,40.07368261574611,75.2256754073544,-3.6613776575141133,15.356195792596905,76.86430040053808,,,,
38.5,-1672.2650309401079,-57.5034134181779,40.135076045448585,75.28448795179007,-3.664253275868932,15.368208043984168,76.92439597888384,,,,
38.55,-1674.8788692648354,-57.603651502587105,40.196517669420665,75.34330049622439,-3.6671288942236577,15.38022029537817,76.98449155723235,,,,
38.6,-1680.1126695078906,-57.80436117112711,40.31954550017359,75.46092558509396,-3.6728801309332537,15.404244798163067,77.10468271393785,,,,
38.65,-1682.7326314262182,-57.904832755257914,40.38113170695444,75.51973812952944,-3.675755749288059,15.416257049552234,77.16477829229471,,,,
38.7,-1688.0558875309034,-58.10897022653045,40.50626362688945,75.6390929991201,-3.6815915630082623,15.440634853836983,77.2867369660272,,,,
38.75,-1690.6820330780624,-58.209677599595786,40.56799583395759,75.69790554355598,-3.6844671813631695,15.452647105223175,77.34683254439206,,,,
38.8,-1695.9404477659805,-58.41132584544805,40.691604830902655,75.81553063242494,-3.6902184180726154,15.476671608010285,77.46702370113002,,,,
38.85,-1698.5727169067395,-58.512266718234976,40.75348162077957,75.87434317685988,-3.693094036427415,15.488683859401963,77.52711927950308,,,,
38.9,-1703.8433787818578,-58.71438196353039,40.877379783342185,75.99196826573103,-3.698845273137125,15.51270836217926,77.64731043625727,,,,
38.95,-1706.4817715162171,-58.8155563360389,40.93940115602787,76.05078081016708,-3.7017208914919912,15.52472061356548,77.70740601463834,,,,
39.0,-1711.7646805785355,-59.01813858077751,41.06358848420803,76.16840589903788,-3.707472128201675,15.548745116342875,77.82759717140814,,,,
39.05,-1714.4091969064946,-59.11954645300761,41.12575443970249,76.22721844347217,-3.710347746556407,15.560757367737592,77.88769274979713,,,,
39.1,-1719.704353156013,-59.32259569718937,41.250230933500205,76.34484353234234,-3.7160989832660083,15.584781870519642,78.00788390658307,,,,
39.15,-1722.3549930775723,-59.42423706914104,41.31254147180344,76.40365607677805,-3.7189746016208645,15.59679412190769,78.06797948498,,,,
39.2,-1727.662396514291,-59.62775331276599,41.4373071312187,76.5212811656503,-3.724725838330643,15.620818624679423,78.18817064178165,,,,
39.25,-1730.3191600294504,-59.729628184439264,41.49976225233072,76.58009371008534,-3.7276014566854108,15.63283087606934,78.24826622018612,,,,
39.3,-1732.9779647424764,-59.831580889353056,41.56226556771233,76.63890625451955,-3.7304770750401413,15.644843127464231,78.3083617985934,,,,
39.35,-1738.380048871696,-60.03872416456756,41.68925867863123,76.75826112410822,-3.7363128887601933,15.669220931758785,78.43032047242805,,,,
39.4,-1741.0450372135535,-60.14091265841589,41.751907994300126,76.81707366854384,-3.739188507115012,15.68123318314716,78.49041605084322,,,,
39.45,-1746.3811374908685,-60.34552314583416,41.877351208446704,76.93469875741602,-3.7449397438248115,15.705257685919282,78.6106072076813,,,,
39.5,-1749.052249426326,-60.44794513940408,41.940145106924376,76.9935113018513,-3.7478153621796397,15.717269937308119,78.67070278610394,,,,
39.55,-1754.4005968908411,-60.653022626265496,42.06587748668851,77.11113639072016,-3.753566598889096,15.741294440096045,78.79089394295727,,,,
39.6,-1757.0778324198986,-60.755678119557004,42.12881596797495,77.1699489351553,-3.7564422172439227,15.753306691486788,78.85098952138782,,,,
39.65,-1762.4384270716137,-60.961222605861614,42.254837513356634,77.28757402402677,-3.7621934539536075,15.777331194262523,78.97118067825653,,,,
39.7,-1765.1217861942712,-61.0641115988747,42.31792057745185,77.34638656846296,-3.7650690723085165,15.78934344564811,79.03127625669468,,,,
39.75,-1770.4946280331865,-61.27012308462246,42.44423128845108,77.46401165733296,-3.7708203090180676,15.813367948429327,79.1514674135782,,,,
39.8,-1773.1841107494442,-61.37324557735714,42.507458935355075,77.5228242017675,-3.773695927372815,15.825380199823066,79.2115629920239,,,,
39.85,-1778.5691997755596,-61.57972406254809,42.63405881197185,77.640449290638,-3.7794471640824616,15.849404702603454,79.33175414892281,,,,
39.9,-1781.2648060854171,-61.68308005500436,42.697431041684624,77.69926183507386,-3.7823227824372987,15.861416953990814,79.39184972737601,,,,
39.95,-1786.6621422987325,-61.89002553963846,42.82432008391895,77.81688692394587,-3.7880740191470794,15.885441456762944,79.5120408842897,,,,
40.0,-1789.3638722021904,-61.993615031816304,42.8878368964405,77.87569946838028,-3.7909496375018197,15.897453708156178,79.57213646275012,,,,
40.05,-1794.773455602706,-62.20102751589359,43.015015104292374,77.99332455724968,-3.796700874211335,15.921478210942151,79.69232761967885,,,,
40.1,-1797.4813090997638,-62.304850507793034,43.078676499622695,78.05213710168509,-3.7995764925661586,15.933490462331662,79.75242319814691,,,,
40.15,-1800.1912037946884,-62.408751332932994,43.14238608922261,78.11094964612086,-3.8024521109210196,15.945502713719314,79.81251877661741,,,,
40.2,-1805.6171167781374,-62.6167864829345,43.26994985123122,78.22857473499306,-3.808203347630792,15.96952721649083,79.93270993356563,,,,
40.25,-1808.333135066662,-62.72092080779605,43.333804023639914,78.2873872794278,-3.8110789659855464,15.981539467882346,79.99280551204322,,,,
40.3,-1813.771295237311,-62.92942295724074,43.461656951266065,78.40501236829694,-3.8168302026950824,16.005563970669463,80.11299666900617,,,,
40.35,-1816.5735310164555,-63.036861601994744,43.52753875239799,78.46555469345093,-3.819790398060309,16.017929523570864,80.17485976450558,,,,
40.4,-1822.0240584447674,-63.245835329308505,43.65568368059872,78.58317978232266,-3.8255416347700737,16.04195402634522,80.29505092148318,,,,
40.45,-1824.7523839557234,-63.35043894282619,43.719828436103484,78.64199232675885,-3.8284172531249423,16.05396627773044,80.35514649997552,,,,
40.5,-1830.2151585712354,-63.55987966958314,43.84826252992177,78.75961741562801,-3.834168489834467,16.07799078051598,80.47533765696726,,,,
40.55,-1832.9496076757914,-63.664716782822396,43.912551868235305,78.81842996006277,-3.837044108189224,16.090003031908644,80.53543323546685,,,,
40.6,-1838.4246294785037,-63.874624509022496,44.04127512767114,78.93605504893365,-3.842795344898888,16.114027534687267,80.65562439247321,,,,
40.65,-1841.16520217666,-63.97969512198334,44.10570904879345,78.99486759336962,-3.8456709632537365,16.12603978607389,80.71571997097993,,,,
40.7,-1846.6524711665722,-64.19006984762663,44.23472147384684,79.11249268224125,-3.8514221999634723,16.15006428884764,80.83591112800028,,,,
40.75,-1849.3991674583283,-64.29537396030905,44.29929997777792,79.17130522667543,-3.8542978183181864,16.162076540242484,80.89600670651396,,,,
40.8,-1854.8986836354406,-64.50621568539549,44.42860156844886,79.28893031554522,-3.860049055027748,16.18610104302656,81.01619786354868,,,,
40.85,-1857.651503520797,-64.61175329779951,44.493324655188715,79.34774285998077,-3.862924673382591,16.198113294415286,81.07629344206956,,,,
40.9,-1860.40636460402,-64.71736874344406,44.55809593619817,79.40655540441665,-3.8658002917374668,16.210125545802267,81.13638902059272,,,,
40.95,-1865.922210364066,-64.92883313445475,44.687783081025835,79.52418049328851,-3.871551528447191,16.234150048575074,81.25658017764593,,,,
41.0,-1868.6831950408887,-65.0346820798209,44.75269894484407,79.58299303772276,-3.8744271468019136,16.246162299969445,81.31667575617595,,,,
41.05,-1874.2112879881347,-65.24661347027477,44.88267525528928,79.70061812659232,-3.880178383511451,16.27018680275449,81.43686691324325,,,,
41.1,-1876.9783962585577,-65.35269591536247,44.94773570191629,79.7594306710278,-3.8830540018662765,16.282199054143575,81.49696249178035,,,,
41.15,-1882.5187363930038,-65.56509430525948,45.07800117797905,79.87705575989983,-3.8888052385760594,16.30622355691657,81.61715364886149,,,,
41.2,-1885.2919682570268,-65.67141025006877,45.14320620741483,79.93586830433578,-3.8916808569309076,16.318235808302553,81.67724922740534,,,,
41.25,-1890.8445555786732,-65.88427563940897,45.27376084909514,80.0534933932046,-3.8974320936404085,16.342260311090108,81.79744038449995,,,,
41.3,-1893.6239110362962,-65.99082508393985,45.33911046133969,80.11230593763956,-3.9003077119951524,16.354272562481896,81.85753596305081,,,,
41.35,-1899.1887455451424,-66.20415747272322,45.46995426863756,80.22993102651071,-3.906058948704873,16.378297065259076,81.97772712015927,,,,
41.4,-1901.9742245963655,-66.31094041697571,45.535448463690884,80.28874357094683,-3.908934567059726,16.39030931664511,82.03782269871694,,,,
41.45,-1907.551306292412,-66.52473980520227,45.6665814366063,80.40636865981763,-3.9146858037693724,16.414333819422392,82.15801385583862,,,,
41.5,-1910.3429089372353,-66.63175624917632,45.7322202144684,80.4651812042519,-3.9175614221241255,16.42634607081739,82.218109434403,,,,
41.55,-1915.932237820482,-66.846022636846,45.86364235300137,80.58280629312202,-3.923312658833682,16.45037057359959,82.33830059153846,,,,
41.6,-1918.7299640589051,-66.95327258054164,45.929425713672245,80.64161883755774,-3.926188277188563,16.46238282498755,82.39839617010956,,,,
41.65,-1924.3315401293517,-67.16800596765451,46.06113701782276,80.75924392643006,-3.931939513898316,16.48640732775885,82.51858732725837,,,,
41.7,-1927.135389961375,-67.27548941107175,46.12706496130241,80.8180564708651,-3.934815132253121,16.49841957914879,82.57868290583586,,,,
41.75,-1929.941280991265,-67.38305068772951,46.19304109905165,80.87686901529926,-3.9376907506078433,16.51043183054398,82.63877848441575,,,,
41.8,-1935.5591866446453,-67.59840674076663,46.3251379573589,80.99449410416919,-3.943441987317417,16.534456333327277,82.75896964158231,,,,
41.85,-1938.3712012681353,-67.706201517146,46.39125867791691,81.0533066486048,-3.9463176056722715,16.54646858471564,82.81906522016887,,,,
41.9,-1944.0013541087155,-67.92202456962629,46.52364470184171,81.17093173747706,-3.952068842382044,16.57049308748745,82.93925637734858,,,,
41.95,-1946.8194923258056,-68.0300528457272,46.589910005208495,81.22974428191243,-3.954944460736867,16.58250533887599,82.99935195594149,,,,
42.0,-1952.4618923535859,-68.24634289765062,46.72258519475085,81.3473693707812,-3.9606956974463676,16.60652984166441,83.11954311313417,,,,
42.05,-1955.286154164276,-68.35460467347313,46.788995080926405,81.4061819152163,-3.9635713158011496,16.618542093055275,83.17963869173381,,,,
42.1,-1960.9408013792568,-68.57136172483975,46.92195943608631,81.52380700408777,-3.9693225525108895,16.642566595830917,83.2998298489396,,,,
42.15,-1963.7711867835471,-68.67985700038385,46.98851390507065,81.58261954852401,-3.972198170865759,16.65457884721631,83.35992542754573,,,,
42.2,-1969.4380811857275,-68.89708105119365,47.1217674258481,81.70024463739405,-3.9779494075753443,16.67860334999732,83.4801165847641,,,,
42.25,-1972.2745901836176,-69.00580982645936,47.188466477641214,81.75905718182851,-3.980825025930117,16.690615601391368,83.54021216337665,,,,
42.3,-1977.9537317729983,-69.22350087671235,47.32200916403621,81.87668227069899,-3.9865762626396988,16.714640104171927,83.66040332060818,,,,
42.35,-1980.7963643644887,-69.33246315169961,47.388852798638105,81.93549481513483,-3.9894518809945985,16.726652355559224,83.72049889922714,,,,
42.4,-1986.4877531410696,-69.55062120139573,47.522684650650646,82.05311990400696,-3.995203117704332,16.750676858330863,83.84069005647126,,,,
42.45,-1989.3365093261598,-69.65981697610458,47.589672868061314,82.11193244844141,-3.998078736059073,16.76268910972411,83.90078563509638,,,,
42.5,-1995.0401452899405,-69.87844202524387,47.72379388569141,82.22955753731067,-4.0038299727686155,16.786713612510606,84.02097679235332,,,,
42.55,-1997.895025068631,-69.98787129967431,47.79092668591085,82.28837008174605,-4.006705591123417,16.798725863900156,84.08107237098493,,,,
42.6,-2000.751946045188,-70.09737840734529,47.85810768039987,82.34718262618182,-4.009581209478294,16.810738115287755,84.14116794961863,,,,
42.65,-2006.4719115919024,-70.31662612240883,47.992614252186705,82.46480771505415,-4.015332446188058,16.834762618058818,84.26135910689226,,,,
42.7,-2009.3349561620596,-70.4263667298014,48.059939829484506,82.52362025948892,-4.01820806454283,16.846774869450208,84.321454685532,,,,
42.75,-2015.0671688959742,-70.64608144430812,48.19473556688889,82.64124534835793,-4.023959301252349,16.870799372237876,84.44164584281816,,,,
42.8,-2017.9363370597314,-70.75605555142225,48.26220572699547,82.70005789279321,-4.026834919607137,16.882811623627916,84.50174142146433,,,,
42.85,-2023.6807969808458,-70.9762372653721,48.397290630017395,82.81768298166497,-4.03258615631689,16.906836126402204,84.62193257876292,,,,
42.9,-2026.556088738203,-71.08644487220784,48.464905372932755,82.87649552610124,-4.035461774671769,16.918848377787157,84.68202815741523,,,,
42.95,-2032.3127958465177,-71.30709358560088,48.60027944157223,82.9941206149704,-4.041213011381285,16.942872880572533,84.80221931472579,,,,
43.0,-2035.1942111974752,-71.4175346921582,48.668038767296366,83.05293315940513,-4.044088629736069,16.954885131965526,84.86231489338434,,,,
43.05,-2040.96316549299,-71.63865040499444,48.80370200155339,83.17055824827594,-4.049839866445694,16.978909634744348,84.98250605070744,,,,
43.1,-2043.8507044375472,-71.74932501127334,48.871605910086295,83.22937079271193,-4.052715484800597,16.990921886130916,85.04260162937206,,,,
43.15,-2049.6319059202624,-71.97090772355276,49.00755830996087,83.3469958815837,-4.058466721510298,17.014946388903947,85.1627927867071,,,,
43.2,-2052.5255684584195,-72.08181582955322,49.07560680130255,83.40580842601786,-4.0613423398650195,17.0269586402989,85.22288836537764,,,,
43.25,-2058.319017128334,-72.30386554127575,49.211848366794676,83.52343351488751,-4.067093576574551,17.050983143083563,85.34307952272503,,,,
43.3,-2061.2188032600916,-72.41500714699782,49.280041440945126,83.58224605932304,-4.069969194929394,17.062995394472416,85.40317510140173,,,,
43.35,-2067.0244991172067,-72.63752385816355,49.416572172054806,83.69987114819516,-4.0757204316391435,17.08701989724486,85.52336625876109,,,,
43.4,-2069.9304088425642,-72.7488989636072,49.48490982901403,83.7586836926309,-4.078596049994001,17.099032148631757,85.58346183744358,,,,
43.45,-2072.8383597657885,-72.8603519022914,49.55329568024285,83.81749623706519,-4.081471668348722,17.11104440002598,85.6435574161281,,,,
43.5,-2078.660385205837,-73.08349127938138,49.69021196550926,83.9351213259348,-4.0872229050582805,17.135068902810797,85.76374857350338,,,,
43.55,-2081.5744597226612,-73.19517771778716,49.758742399546854,83.99393387037031,-4.090098523413103,17.147081154199686,85.82384415219396,,,,
43.6,-2087.4087323499098,-73.41878409432032,49.89594785043082,84.11155895924242,-4.095849760122892,17.171105656972205,85.94403530958105,,,,
43.65,-2090.328930460334,-73.53070403244766,49.964622867277185,84.17037150367806,-4.098725378477695,17.183117908359563,86.00413088827736,,,,
43.7,-2096.1754502747835,-73.75477740842393,50.102117483778706,84.28799659254682,-4.104476615187198,17.207142411147792,86.12432204567607,,,,
43.75,-2099.1017719788083,-73.86693084627287,50.17093708343384,84.34680913698189,-4.10735223354201,17.21915466253882,86.1844176243784,,,,
43.8,-2104.960538980457,-74.09147122169233,50.308720865552914,84.46443422585335,-4.113103470251682,17.243179165314597,86.30460878178896,,,,
43.85,-2107.8929842780813,-74.20385815926286,50.37768504801682,84.52324677028957,-4.115979088606598,17.255191416699997,86.36470436049713,,,,
43.9,-2113.76399846693,-74.42886553412552,50.51575799575345,84.64087185915943,-4.121730325316143,17.27921591948186,86.48489551791893,,,,
43.95,-2116.7025673581543,-74.54148597141764,50.584866761026134,84.69968440359402,-4.124605943670886,17.291228170875474,86.54499109663291,,,,
44.0,-2122.585828734203,-74.76696034572349,50.723228874380304,84.81730949246464,-4.130357180380553,17.315252673655287,86.66518225406661,,,,
44.05,-2125.5305212190274,-74.87981428273717,50.79248222246177,84.87612203690057,-4.13323279873539,17.32726492504222,86.72527783278632,,,,
44.1,-2131.426029782277,-75.10575565648614,50.931133501433486,84.99374712577239,-4.138984035445147,17.351289427815114,86.84546899023125,,,,
44.15,-2134.376845860702,-75.21884309322142,51.00053143232373,85.05255967020659,-4.141859653799871,17.363301679209822,86.90556456895656,,,,
44.2,-2140.2846016111516,-75.44525146641357,51.139471876913,85.17018475907626,-4.147610890509408,17.387326181994347,87.02575572641311,,,,
44.25,-2143.2415412831765,-75.55857240287044,51.20901439061202,85.22899730351182,-4.150486508864244,17.39933843338309,87.08585130514423,,,,
44.3,-2146.200522153068,-75.67197117256784,51.27860509858063,85.28780984794773,-4.153362127219107,17.41135068476997,87.1459468838772,,,,
44.35,-2152.1246074864507,-75.89900221168423,51.41793109732663,85.40543493681957,-4.159113363928834,17.43537518754276,87.26613804134863,,,,
44.4,-2155.089711949942,-76.01263448110323,51.48766638810401,85.46424748125376,-4.161988982283542,17.44738743893746,87.32623362008711,,,,
44.45,-2161.026044470524,-76.2401325196628,51.627281552467565,85.58187257012344,-4.167740218993137,17.471411941721986,87.44642477756997,,,,
44.5,-2163.997272527615,-76.35399828880335,51.69716142605372,85.640685114559,-4.170615837347949,17.483424193110707,87.50652035631421,,,,
44.55,-2169.9458522353984,-76.58196332680606,51.83706575603482,85.75831020343121,-4.17636707405773,17.507448695882847,87.62671151380826,,,,
44.6,-2172.92320388609,-76.69606259566821,51.90709021242975,85.81712274786672,-4.1792426924125845,17.519460947270574,87.68680709255781,,,,
44.65,-2178.8840307810733,-76.92449463311411,52.047283708028395,85.93474783673548,-4.184993929122029,17.543485450058956,87.8069982500628,,,,
44.7,-2181.867506025365,-77.03882740169786,52.11745274723211,85.99356038117061,-4.187869547476853,17.555497701449863,87.86709382881814,,,,
44.75,-2187.928480350389,-77.271094923772,52.26000276826057,86.11291525076082,-4.193705361196972,17.579875505736695,87.98905250335662,,,,
44.8,-2190.918139223512,-77.3856634812903,52.33031780775157,86.1717277951971,-4.196580979551888,17.59188775712188,88.0491480821175,,,,
44.85,-2196.903580563358,-77.61503409604845,52.471092469542356,86.28935288406676,-4.2023322162614445,17.61591225990477,88.16933923964437,,,,
44.9,-2199.8993630300806,-77.7298361532883,52.54155209184213,86.34816542850149,-4.2052078346162185,17.62792451129762,88.22943481841071,,,,
44.95,-2205.897051557127,-77.9596737674896,52.682615919250466,86.46579051737237,-4.210959071325869,17.651949014076138,88.3496259759488,,,,
45.0,-2208.89895761745,-78.07470932445105,52.75322012435901,86.52460306180839,-4.213834689680781,17.663961265462547,88.40972155472056,,,,
45.05,-2214.908893331696,-78.30501393809554,52.8945731173849,86.64222815067919,-4.219585926390391,17.687985768239926,88.52991271226915,,,,
45.1,-2217.9169229856193,-78.42028299477859,52.96532190530222,86.7010406951135,-4.222461544745151,17.699998019634698,88.5900082910463,,,,
45.15,-2220.926993837409,-78.53562988470216,53.036118887489145,86.7598532395484,-4.225337163099956,17.712010271026625,88.65010386982524,,,,
45.2,-2226.9532591345887,-78.7665571642709,53.17785743467176,86.87747832841961,-4.231088399809614,17.736034773803674,88.7702950273885,,,,
45.25,-2229.9694535799786,-78.88213755391608,53.24879899966746,86.93629087285575,-4.233964018164533,17.748047025189486,88.8303906061728,,,,
45.3,-2236.0079660643582,-79.11353183292798,53.39082671246762,87.05391596172616,-4.239715254874113,17.772071527968656,88.95058176374636,,,,
45.35,-2239.030284103348,-79.22934572229471,53.46191286027209,87.11272850616068,-4.242590873228853,17.784083779362703,89.01067734253603,,,,
45.4,-2245.1700864529075,-79.46461904831077,53.60632407228445,87.23208337574987,-4.248426686948974,17.80846158365442,89.13263601714387,,,,
45.45,-2248.1985881207293,-79.58066872661205,53.67755622037621,87.29089592018579,-4.251302305303806,17.820473835041426,89.19273159593884,,,,
45.5,-2254.261715049972,-79.8130015829362,53.820165099368516,87.4085210090574,-4.257053542013536,17.844498337815153,89.31292275353374,,,,
45.55,-2257.296340311393,-79.92928476095906,53.89154183026905,87.4673335534916,-4.259929160368273,17.85651058921013,89.37301833233387,,,,
45.6,-2263.3717144278357,-80.1620846167264,54.034439874878906,87.58495864236149,-4.265680397077835,17.88053509199364,89.49320948993953,,,,
45.65,-2266.412463282857,-80.27860129447087,54.10596118858821,87.64377118679712,-4.268556015432662,17.892547343381906,89.55330506874495,,,,
45.7,-2272.5000845864997,-80.51186814968136,54.24914839881562,87.76139627566941,-4.274307252142455,17.916571846153335,89.67349622636095,,,,
45.75,-2275.6366018311555,-80.63205333416776,54.322922845404065,87.82193860082305,-4.277267447507638,17.928937399055236,89.7353593221952,,,,
45.8,-2281.7365903924615,-80.86579176724733,54.46640205620605,87.93956368969212,-4.283018684217173,17.952961901842485,89.85555047982166,,,,
45.85,-2284.7896464699147,-80.98277773364791,54.538213953011436,87.99837623412746,-4.2858943025719975,17.96497415323227,89.91564605863749,,,,
45.9,-2287.8447437452346,-81.09984153328902,54.61007404408641,88.05718877856323,-4.288769920926821,17.976986404619964,89.97574163745503,,,,
45.95,-2293.9610618894744,-81.33420263229284,54.75393880904513,88.17481386743532,-4.294521157636607,18.001010907391894,90.09593279509511,,,,
46.0,-2297.0222827583943,-81.45149993165555,54.82594348292888,88.23362641186971,-4.297396775991348,18.013023158785373,90.15602837391756,,,,
46.05,-2303.1508480898333,-81.68632803010254,54.97009741350515,88.35125150073917,-4.303148012700871,18.037047661570988,90.276219531568,,,,
46.1,-2306.218192552353,-81.80385882918684,55.04224667019767,88.41006404517466,-4.306023631055695,18.04905991296005,90.33631511039576,,,,
46.15,-2312.3590050709918,-82.03915392707695,55.18668976639149,88.52768913404677,-4.311774867765466,18.073084415732538,90.4565062680563,,,,
46.2,-2315.4324731271113,-82.1569182258828,55.25898360589278,88.58650167848245,-4.314650486120306,18.085096667119682,90.51660184688892,,,,
46.25,-2321.6760799231984,-82.39614973576063,55.40584572164281,88.70585654806995,-4.320486299840249,18.109474471419187,90.63856052158405,,,,
46.3,-2324.7557316081497,-82.51414982350104,55.4782855614314,88.76466909250512,-4.323361918195028,18.121486722809877,90.69865610042194,,,,
46.35,-2330.9211585716525,-82.75038349870346,55.62330982381735,88.88229418137671,-4.329113154904775,18.145511225584876,90.81884725810269,,,,
46.4,-2334.006933850204,-82.86861708616546,55.69589424641472,88.94110672581299,-4.33198877325967,18.15752347696992,90.87894283694555,,,,
46.45,-2340.184608000907,-83.10531776081106,55.84120767441822,89.05873181468218,-4.337740009969137,18.181547979755212,90.99913399463597,,,,
46.5,-2343.276506873058,-83.22378484799466,55.91393667982436,89.11754435911699,-4.3406156283239365,18.193560231147742,91.05922957348385,,,,
46.55,-2349.4664282109607,-83.46095252208339,56.05953927344542,89.23516944798803,-4.3463668650335965,18.217584733925534,91.17942073118448,,,,
46.6,-2352.5644506767117,-83.57965310898854,56.13241286166033,89.29398199242414,-4.349242483388465,18.229596985311552,91.23951631003727,,,,
46.65,-2355.66451434033,-83.69843152913423,56.205334644144834,89.35279453686024,-4.352118101743374,18.241609236696863,91.29961188889156,,,,
46.7,-2361.870765261166,-83.93622186914719,56.35132279192262,89.47041962572919,-4.357869338452877,18.26563373948389,91.41980304660511,,,,
46.75,-2364.976952518384,-84.05523378901447,56.424389157215906,89.52923217016412,-4.360744956807665,18.277645990875648,91.47989862546441,,,,
46.8,-2371.1954506264206,-84.29349112847062,56.570666470611236,89.64685725903541,-4.366496193517346,18.301670493652267,91.60008978318795,,,,
46.85,-2374.3077614772387,-84.4127365480595,56.6438774187133,89.70566980347162,-4.369371811872256,18.31368274503783,91.66018536205215,,,,
46.9,-2380.538506772475,-84.65146088695884,56.790443897726185,89.82329489234161,-4.375123048581797,18.33770724781911,91.78037651978505,,,,
46.95,-2383.6569412168933,-84.7709398062693,56.86379942863702,89.88210743677614,-4.377998666936574,18.349719499212853,91.84047209865409,,,,
47.0,-2389.8999336993297,-85.01013114461176,57.01065507326746,89.9997325256468,-4.383749903646198,18.373744001992478,91.96066325639697,,,,
47.05,-2393.0244917373484,-85.12984356364379,57.08415518698707,90.05854507008276,-4.386625522001073,18.385756253379178,92.02075883527081,,,,
47.1,-2399.279731406986,-85.36950190142944,57.231299997235055,90.1761701589544,-4.392376758710823,18.409780756152976,92.1409499930231,,,,
47.15,-2402.410413038604,-85.48944782018307,57.30494469376344,90.23498270338852,-4.39525237706551,18.42179300754813,92.2010455719016,,,,
47.2,-2408.6778998954405,-85.7295731574119,57.45237866962898,90.3526077922585,-4.401003613775106,18.445817510331345,92.32123672966367,,,,
47.25,-2411.814705120659,-85.84975257588712,57.52616794896613,90.41142033669416,-4.403879232129929,18.45782976171941,92.38133230854702,,,,
47.3,-2418.0944391646954,-86.09034491255915,57.673891090449224,90.52904542556644,-4.409630468839717,18.48185426449073,92.50152346631847,,,,
47.35,-2421.2373679835136,-86.21075783075595,57.74782495259515,90.58785797000114,-4.412506087194478,18.49386651588243,92.56161904520634,,,,
47.4,-2427.5293492147503,-86.4518171668711,57.895837259695796,90.70548305887029,-4.418257323903982,18.517891018669523,92.68181020298728,,,,
47.45,-2430.6784016271686,-86.57246358478946,57.969915704650504,90.76429560330567,-4.421132942258807,18.529903270059084,92.74190578188009,,,,
47.5,-2433.829495237454,-86.69318783594836,58.04404234387481,90.8231081477415,-4.424008560613672,18.541915521446523,92.8020013607745,,,,
47.55,-2440.137806051625,-86.93486983798776,58.19244020513218,90.94073323661367,-4.4297597973234435,18.565940024218083,92.9221925185678,,,,
47.6,-2443.2950232555104,-87.05582758886825,58.266711427165255,90.999545781048,-4.432635415678167,18.577952275611775,92.98228809746662,,,,
47.65,-2449.6155812568813,-87.29797659035084,58.41539845404018,91.11717086991747,-4.438386652387708,18.601976778397272,93.10247925526936,,,,
47.7,-2452.778922054367,-87.41916784095294,58.48981425888203,91.175983414353,-4.441262270742543,18.613989029786204,93.16257483417306,,,,
47.75,-2459.111727242937,-87.66178384187872,58.6387904513745,91.29360850322519,-4.447013507452312,18.638013532558297,93.28276599198503,,,,
47.8,-2462.281191634022,-87.78320859220237,58.71335083902512,91.35242104766073,-4.449889125807149,18.650025783946056,93.34286157089312,,,,
47.85,-2468.626244009792,-88.02629159257125,58.86261619713514,91.4700461365295,-4.455640362516623,18.674050286734406,93.46305272871419,,,,
47.9,-2471.8018319944777,-88.1479498426165,58.93732116759453,91.52885868096466,-4.458515980871439,18.686062538125007,93.52314830762705,,,,
47.95,-2478.1591315574487,-88.39149984242857,59.086875691322106,91.64648376983634,-4.464267217581154,18.710087040899683,93.64333946545737,,,,
48.0,-2481.3408431357343,-88.5133915921954,59.16172524459028,91.70529631427264,-4.467142835936074,18.72209929228456,93.70343504437479,,,,
48.05,-2487.7103898859054,-88.75740859145067,59.3115689339354,91.82292140314179,-4.472894072645531,18.746123795070247,93.82362620221392,,,,
48.1,-2490.898225057791,-88.8795338409391,59.38656307001235,91.88173394757656,-4.475769691000313,18.758136046462734,93.88372178113586,,,,
48.15,-2497.280018995162,-89.12401783963756,59.536695924975014,91.99935903644766,-4.48152092771,18.782160549240334,94.00391293898434,,,,
48.2,-2500.473977760648,-89.24637658884758,59.611834643860746,92.05817158088377,-4.484396546064859,18.79417280062618,94.06400851791078,,,,
48.25,-2506.868018885219,-89.49132758698916,59.76225666444096,92.17579666975438,-4.490147782774528,18.818197303404563,94.18419967576791,,,,
48.3,-2510.0681012443047,-89.61391983592074,59.837539966135466,92.23460921418872,-4.493023401129254,18.83020955479919,94.24429525469886,,,,
48.35,-2513.270224801257,-89.73658991809285,59.91287146209955,92.29342175862368,-4.495899019484046,18.842221806190878,94.3043908336313,,,,
48.4,-2519.6805955087616,-89.98216358215866,60.06367903683651,92.41104684749502,-4.50165025619374,18.8662463089672,94.42458199150063,,,,
48.45,-2522.888842659314,-90.10506716405237,60.13915511560938,92.46985939193125,-4.504525874548633,18.878258560352545,94.48467757043753,,,,
48.5,-2529.3114605540186,-90.35110782756138,60.29025185596388,92.58748448080118,-4.510277111258206,18.902283063134142,94.6048687283154,,,,
48.55,-2532.525831298171,-90.47424490917668,60.365872517545526,92.64629702523573,-4.51315272961297,18.914295314527877,94.66496430725671,,,,
48.6,-2538.9606963800757,-90.72075257212887,60.517258423517575,92.76392211410644,-4.5189039663226,18.938319817307338,94.78515546514375,,,,
48.65,-2542.181190717828,-90.84412315346574,60.593023667908,92.82273465854243,-4.521779584677515,18.950332068693893,94.84525104408944,,,,
48.7,-2548.8180475379713,-91.09836648960524,60.749162689353064,92.94381930885126,-4.52769997540805,18.97506317449122,94.9689772360408,,,,
48.75,-2551.949852346165,-91.21833848933967,60.822841938257774,93.00090207256672,-4.530491016752354,18.986722124375042,95.02730529796291,,,,
48.8,-2558.4093318729333,-91.4657847296041,60.974809010421964,93.11852716143672,-4.536242253461906,19.010746627157918,95.1474964558675,,,,
48.85,-2561.737246732433,-91.59326812698592,61.053102503595525,93.17906948659117,-4.539202448827216,19.023112180057154,95.20935955185007,,,,
48.9,-2568.304328652384,-91.84483411826398,61.20760211866895,93.29842435618217,-4.5450382625474095,19.047489984339613,95.33131822679147,,,,
48.95,-2571.5433738766305,-91.96891206640449,61.283805363921246,93.35723690061667,-4.547913880902142,19.05950223573238,95.39141380575012,,,,
49.0,-2578.027587918724,-92.2173014624071,61.43635643723461,93.47486198948592,-4.553665117611712,19.083526738518962,95.51160496367214,,,,
49.05,-2581.2727567365705,-92.34161291026916,61.512704265295675,93.53367453392137,-4.556540735966512,19.09553898990822,95.57170054263531,,,,
49.1,-2584.519966752284,-92.46600219137177,61.589100287626344,93.59248707835727,-4.559416354321373,19.107551241295344,95.6317961215999,,,,
49.15,-2591.0205103773105,-92.71501425329858,61.742036915096435,93.71011216722928,-4.5651675910311695,19.13157574406734,95.75198727953317,,,,
49.2,-2594.2738439866243,-92.83963703412277,61.81857752023588,93.76892471166349,-4.568043209385838,19.14358799546197,95.81208285850185,,,,
49.25,-2600.786634798852,-93.08911609549277,61.97180331332352,93.8865498005331,-4.573794446095388,19.167612498246847,95.93227401644383,,,,
49.3,-2604.046092001766,-93.21397237603857,62.048488501271734,93.94536234496867,-4.576670064450281,19.179624749635444,95.99236959541692,,,,
49.35,-2610.667147360464,-93.46759643709451,62.20426247122285,94.06471721455972,-4.582505878170433,19.20400255391813,96.11432827039603,,,,
49.4,-2613.9327881922086,-93.59268850657486,62.28109365945835,94.12352975899489,-4.58538149652526,19.216014805307413,96.17442384937311,,,,
49.45,-2620.470193449298,-93.84310614525711,62.434900618738126,94.24115484786374,-4.591132733234718,19.24003930809579,96.29461500733196,,,,
49.5,-2623.838217140581,-93.97211893888338,62.51414111263294,94.3016971730177,-4.594092928599964,19.25240486099741,96.3564781033424,,,,
49.55,-2630.3879896553335,-94.2230081554347,62.6682400724873,94.41932226188953,-4.599844165309716,19.27642936377113,96.4766692613097,,,,
49.6,-2633.66593770951,-94.34856951357115,62.74536184381887,94.47813480632576,-4.602719783664599,19.288441615156138,96.53676484029536,,,,
49.65,-2640.3245186193008,-94.6036244673846,62.90202182122445,94.59748967591328,-4.608555597384549,19.31281941945505,96.65872351529987,,,,
49.7,-2643.608650302309,-94.72942161445562,62.979289592843315,94.65630222034821,-4.611431215739294,19.324831670846937,96.71881909428983,,,,
49.75,-2646.8948231831837,-94.85529659476715,63.056605558731775,94.71511476478364,-4.614306834094127,19.336843922236266,96.77891467328112,,,,
49.8,-2653.4732925385333,-95.10728005511183,63.21138207331745,94.83273985365574,-4.620058070803886,19.360868425008746,96.89910583126783,,,,
49.85,-2656.765589013008,-95.23338853514494,63.288842622014684,94.89155239809159,-4.622933689158755,19.372880676395177,96.9592014102631,,,,
49.9,-2663.4532887757555,-95.48955382457217,63.44619011819175,95.01090726767896,-4.628769502878664,19.397258480695307,97.08116008528728,,,,
49.95,-2666.7517688790613,-95.61589809353983,63.52379666717627,95.06971981211404,-4.631645121233475,19.409270732086334,97.14125566428683,,,,
50.0,-2673.3548526792733,-95.86882013119673,63.67915434795409,95.18734490098561,-4.6373963579431905,19.433295234861426,97.26144682228998,,,,
50.05,-2676.6594563761796,-95.99539789988597,63.75690547974738,95.24615744542196,-4.640271976298113,19.44530748624621,97.3215424012936,,,,
50.1,-2683.274787363592,-96.24878693698606,63.91255232614275,95.36378253429132,-4.646023213007593,19.469331989030728,97.4417335593046,,,,
50.15,-2686.5855146540985,-96.3755982053969,63.99044804074482,95.42259507872599,-4.648898831362369,19.481344240423745,97.50182913831225,,,,
50.2,-2693.213092828711,-96.62945424194017,64.14638405275774,95.54022016759694,-4.654650068072035,19.50536874320194,97.62202029633161,,,,
50.25,-2696.5299437128174,-96.75649901007257,64.22442435016859,95.59903271203306,-4.657525686426905,19.517380994587896,97.6821158753433,,,,
50.3,-2703.16976907463,-97.01082204605896,64.38064952779905,95.716657800904,-4.663276923136599,19.541405497364515,97.80230703337035,,,,
50.35,-2706.4927435523364,-97.13810031391296,64.45883440801867,95.77547034533822,-4.666152541491327,19.553417748759802,97.86240261238605,,,,
50.4,-2713.1448161013486,-97.39289034934254,64.6153487512667,95.89309543420848,-4.671903778200912,19.577442251541513,97.98259377042142,,,,
50.45,-2716.473914172655,-97.52040211691812,64.69367821429509,95.95190797864431,-4.674779396555756,19.589454502928806,98.04268934944108,,,,
50.5,-2723.1382339088677,-97.77565915179089,64.85048172316066,96.06953306751653,-4.680530633265531,19.613479005700114,98.16288050748423,,,,
50.55,-2726.473455573774,-97.90340441908808,64.92895576899784,96.12834561195082,-4.68340625162023,19.62549125709425,98.22297608650769,,,,
50.6,-2729.810718436547,-98.03122751962579,65.0074780091046,96.18715815638521,-4.686281869974984,19.637503508488596,98.28307166553262,,,,
50.65,-2736.4913677556933,-98.28710722042281,65.1646670721269,96.30478324525578,-4.692033106684629,19.661528011268807,98.40326282358646,,,,
50.7,-2739.8347542120664,-98.41516382068208,65.24333389504244,96.36359578969173,-4.694908725039475,19.673540262655507,98.4633584026153,,,,
50.75,-2746.5276507184126,-98.67151052092221,65.4008121236823,96.48122087856356,-4.70065996174925,19.69756476542834,98.58354956067673,,,,
50.8,-2749.8771607683857,-98.79980062090307,65.47962352940661,96.54003342299765,-4.703535580103963,19.709577016823733,98.64364513970939,,,,
50.85,-2756.5823044619324,-99.05661432058639,65.63739092366401,96.65765851186741,-4.709286816813516,19.733601519607735,98.76383629777882,,,,
50.9,-2759.937938105506,-99.18513792028885,65.7163469121971,96.71647105630309,-4.712162435168364,19.7456137709959,98.8239318768155,,,,
50.95,-2766.655328986253,-99.44241861941536,65.87440347207206,96.83409614517551,-4.717913671878162,19.769638273766642,98.94412303489261,,,,
51.0,-2770.0170862234263,-99.57117571883941,65.95350404341393,96.89290868961041,-4.720789290232916,19.781650525157335,99.00421861393289,,,,
51.05,-2776.7467242913726,-99.82892341740911,66.11184976890642,97.01053377847933,-4.726540526942413,19.805675027945473,99.12440977201776,,,,
51.1,-2780.114605122146,-99.95791401655474,66.19109492305707,97.06934632291465,-4.7294161452972645,19.817687279335303,99.18450535106211,,,,
51.15,-2786.856490377292,-100.21612871456756,66.34972981416712,97.18697141178664,-4.73516738200697,19.84171178210839,99.30469650915467,,,,
51.2,-2790.2304948016654,-100.34535281343477,66.42911955112655,97.24578395622278,-4.738043000361884,19.85372403349367,99.36479208820275,,,,
51.25,-2796.9846272440122,-100.60403451089078,66.58804360785415,97.36340904509149,-4.743794237071358,19.877748536281842,99.4849832463027,,,,
51.3,-2800.364755261986,-100.73349210947958,66.66757792762233,97.42222158952643,-4.74666985542614,19.88976078767355,99.54507882535468,,,,
51.35,-2807.1311348915333,-100.99264080637877,66.82679114996749,97.53984667839784,-4.7524210921358545,19.91378529044956,99.66526998346245,,,,
51.4,-2810.517386503107,-101.12233190468916,66.90647005254446,97.59865922283416,-4.755296710490757,19.925797541834605,99.72536556251823,,,,
51.45,-2813.9056793125474,-101.25210083624009,66.98619714939102,97.65747176726987,-4.758172328845598,19.937809793221547,99.78546114157506,,,,
51.5,-2820.688388525028,-101.51187219906352,67.1457959258929,97.7750968561385,-4.763923565555099,19.961834296010508,99.90565229969272,,,,
51.55,-2824.0828049280685,-101.641874630336,67.22566760554824,97.83390940057362,-4.7667991839098764,19.973846547401404,99.96574787875349,,,,
51.6,-2830.8777613277484,-101.90211299260257,67.38555554766768,97.95153448944528,-4.772550420619634,19.997871050176137,100.08593903687878,,,,
51.65,-2834.2783013243884,-102.03234892359664,67.46557181013178,98.01034703388166,-4.775426038974539,20.009883301560713,100.14603461594328,,,,
51.7,-2841.085504911269,-102.2930542853064,67.62574891786875,98.12797212275086,-4.781177275683996,20.033907804345986,100.2662257740757,,,,
51.75,-2844.4921685015092,-102.42352371602207,67.70590976314163,98.18678466718556,-4.784052894038794,20.045920055738932,100.32632135314392,,,,
51.8,-2851.31161927559,-102.68469607717502,67.86637603649616,98.30440975605657,-4.78980413074846,20.069944558516806,100.44651251128406,,,,
51.85,-2854.7244064594306,-102.81539900761229,67.94668146457782,98.36322230049274,-4.792679749103328,20.081956809902543,100.50660809035597,,,,
51.9,-2861.5561044207116,-103.07703836820842,68.1074369035499,98.48084738936357,-4.798430985813027,20.105981312679774,100.62679924850316,,,,
51.95,-2864.975015198152,-103.20797479836725,68.18788691444033,98.53965993379776,-4.8013066041677455,20.117993564075036,100.68689482757873,,,,
52.0,-2871.818960346633,-103.47008115840649,68.34893151902996,98.65728502266809,-4.80705784087736,20.142018066856494,100.80708598573358,,,,
52.05,-2875.2439947176736,-103.6012510882869,68.42952611272916,98.71609756710396,-4.809933459232207,20.154030318243596,100.8671815648128,,,,
52.1,-2882.1001870533546,-103.86382444776933,68.59085988293634,98.83372265597615,-4.815684695941993,20.17805482101491,100.98737272297475,,,,
52.15,-2885.5313450179956,-103.99522787737135,68.67159905944432,98.89253520041035,-4.818560314296693,20.190067072409526,101.04746830205748,,,,
52.2,-2892.3997845408767,-104.25826823629697,68.83322199526906,99.01016028927982,-4.824311551006253,20.214091575195063,101.16765946022684,,,,
52.25,-2895.8370660991172,-104.38990516562058,68.9141057545858,99.06897283371536,-4.827187169361067,20.22610382658372,101.22775503931331,,,,
52.3,-2899.2763888552245,-104.52161992818472,68.99503770817215,99.12778537815136,-4.830062787715949,20.238116077970226,101.287850618401,,,,
52.35,-2906.161157961039,-104.78528295303458,69.15704619815362,99.24541046702315,-4.835814024425679,20.262140580743303,101.40804177657975,,,,
52.4,-2909.606604310746,-104.91723121532029,69.23812273454874,99.30422301145718,-4.838689642780357,20.274152832138988,101.46813735567093,,,,
52.45,-2916.5036206037607,-105.18136123961327,69.40042039014776,99.42184810032698,-4.8444408794899605,20.298177334922784,101.58832851385704,,,,
52.5,-2919.955190547068,-105.31354300162056,69.48164150935165,99.48066064476268,-4.847316497844811,20.310189586310766,101.64842409295187,,,,
52.55,-2926.864454027283,-105.57814002535673,69.64422833056823,99.59828573363517,-4.853067734554569,20.334214089081193,101.76861525114506,,,,
52.6,-2930.322147564191,-105.71055528708561,69.72559403258089,99.65709827806995,-4.855943352909367,20.346226340472498,101.82871083024322,,,,
52.65,-2937.2436582316063,-105.97561931026497,69.88847001941501,99.77472336693889,-4.861694589618841,20.3702508432606,101.94890198844355,,,,
52.7,-2940.707475362114,-106.10826807171546,69.96998030423644,99.83353591137423,-4.864570207973663,20.38226309465028,102.00899756754545,,,,
52.75,-2947.6412332167292,-106.37379909433801,70.13314545668813,99.95116100024633,-4.870321444683441,20.406287597422974,102.12918872575287,,,,
52.8,-2951.1111739408366,-106.50668135551005,70.21480032431835,100.00997354468242,-4.87319706303829,20.41829984880839,102.18928430485818,,,,
52.85,-2958.0571789826513,-106.77267937757573,70.37825464238756,100.12759863355106,-4.878948299747742,20.442324351597048,102.30947546307236,,,,
52.9,-2961.5332433003587,-106.90579513846936,70.46005409282655,100.186411177986,-4.881823918102566,20.454336602988654,102.36957104218128,,,,
52.95,-2968.4914955293734,-107.17226015997822,70.62379757651333,100.3040362668575,-4.887575154812222,20.478361105764293,102.48976220040262,,,,
53.0,-2971.9736834406813,-107.30560942059346,70.7057416097611,100.36284881129383,-4.890450773167137,20.490373357149117,102.54985777951504,,,,
53.05,-2978.944182856897,-107.5725414415455,70.86977425906542,100.4804739001635,-4.896202009876724,20.51439785993192,102.67004893774298,,,,
53.1,-2982.432494361805,-107.70612420188232,70.95186287512196,100.53928644459805,-4.899077628231458,20.526410111325696,102.73014451685887,,,,
53.15,-2985.9228470645794,-107.83978479545966,71.0339996854481,100.59809898903319,-4.901953246586264,20.538422362716467,102.79024009597589,,,,
53.2,-2992.9096760637285,-108.10733948233595,71.19841788890916,100.71572407790495,-4.90770448329599,20.562446865490813,102.91043125421339,,,,
53.25,-2996.406152360103,-108.24123357563485,71.28069928204407,100.77453662234134,-4.910580101650909,20.57445911687521,102.97052683333379,,,,
53.3,-3003.4052285464522,-108.50925526195427,71.44540665112267,100.89216171121039,-4.916331338360403,20.59848361966124,103.09071799157782,,,,
53.35,-3006.9078284364264,-108.64338285497477,71.52783262706636,100.95097425564511,-4.91920695671519,20.61049587105409,103.15081357070169,,,,
53.4,-3013.919151809975,-108.91187154073738,71.69282916176252,101.0685993445162,-4.9249581934248585,20.634520373831634,103.27100472895282,,,,
53.45,-3017.4278752935497,-109.04623263347948,71.77539972051498,101.1274118889524,-4.927833811779779,20.64653262521715,103.33110030808008,,,,
53.5,-3024.451445854299,-109.31518831868527,71.94068542082869,101.24503697782309,-4.933585048489377,20.670557127995046,103.45129146633768,,,,
53.55,-3027.9662929314736,-109.44978291114897,72.02340056238992,101.30384952225731,-4.936460666844142,20.682569379390262,103.51138704546831,,,,
53.6,-3035.002110679423,-109.71920559579796,72.18897542832119,101.42147461112766,-4.942211903553702,20.706593882171447,103.63157820373297,,,,
53.65,-3038.5230813501976,-109.8540336879832,72.2718351526912,101.48028715556359,-4.945087521908605,20.718606133558374,103.69167378286699,,,,
53.7,-3045.6748552172016,-110.12789466089568,72.44013979949834,101.59964202515441,-4.950923335628764,20.742983937841238,103.81363245817158,,,,
53.75,-3049.2020095168077,-110.26295854201548,72.52314552415564,101.65845456958851,-4.953798953983464,20.754996189236433,103.87372803730884,,,,
53.8,-3056.2624417096204,-110.53331980397668,72.68930155627903,101.77607965845806,-4.9595501906930695,20.779020692021604,103.99391919558694,,,,
53.85,-3059.795719602827,-110.66861718481807,72.7724518637451,101.83489220289368,-4.962425809047881,20.79103294341003,104.05401477472766,,,,
53.9,-3063.3310386938997,-110.80399239890001,72.85565036548078,101.89370474732975,-4.965301427402734,20.80304519479626,104.11411035386949,,,,
53.95,-3070.4078004696453,-111.07497632678546,73.02219195176092,102.01132983620136,-4.971052664112504,20.82706969756991,104.23430151215616,,,,
54.0,-3073.949243154318,-111.21058504058898,73.10553503630537,102.07014238063536,-4.973928282467205,20.83908194896587,104.2943970913012,,,,
54.05,-3081.0382521172637,-111.4820359679176,73.27236578820303,102.18776746950526,-4.979679519176772,20.863106451749253,104.41458824959474,,,,
54.1,-3084.5858183955365,-111.61787818144268,73.35585345555626,102.24658001394103,-4.982555137531639,20.875118703136994,104.47468382874315,,,,
54.15,-3091.687074545682,-111.88979610821444,73.5229733730715,102.36420510281351,-4.988306374241408,20.899143205907166,104.59487498704314,,,,
54.2,-3095.240764417555,-112.02587182146112,73.60660562323349,102.42301764724816,-4.9911819925960454,20.911155457299373,104.65497056619463,,,,
54.25,-3102.3542677549012,-112.29825674767608,73.77401470636626,102.54064273611719,-4.9969332293050694,20.935179960087154,104.77516172450125,,,,
54.3,-3105.9140812203746,-112.43456596064435,73.85779153933703,102.59945528055258,-4.999808847659874,20.947192211476597,104.83525730365615,,,,
54.35,-3113.0398317449212,-112.70741788630248,74.02548978808737,102.71708036942472,-5.005560084369994,20.971216714248797,104.95544846196925,,,,
54.4,-3116.6057688039946,-112.84396059899234,74.10941120386691,102.77589291386073,-5.008435702724896,20.98322896563458,105.01554404112728,,,,
54.45,-3123.743766515741,-113.11727952409365,74.27739861823478,102.89351800272928,-5.014186939434094,21.007253468423762,105.13573519944666,,,,
54.5,-3127.3158271684138,-113.25405573650507,74.36146461682311,102.9523305471643,-5.017062557788825,21.019265719815138,105.19583077860806,,,,
54.55,-3134.4660720673596,-113.52784166104951,74.52974119680854,103.06995563603587,-5.022813794498788,21.04329022259032,105.31602193693406,,,,
54.6,-3138.0442563136326,-113.66485137318253,74.61395177820565,103.12876818047229,-5.025689412853655,21.05530247397484,105.37611751609866,,,,
54.65,-3145.206748399779,-113.93910429717016,74.78251752380862,103.24639326934175,-5.031440649563003,21.079326976758715,105.4963086744307,,,,
54.7,-3148.7910562396523,-114.07634750902477,74.8668726880145,103.3052058137763,-5.034316267917891,21.091339228152364,105.55640425359847,,,,
54.75,-3152.3774052773924,-114.21366855411992,74.95127604648997,103.3640183582115,-5.037191886272744,21.10335147954293,105.61649983276733,,,,
54.8,-3159.5562269464726,-114.4885441440318,75.12022734624968,103.48164344708336,-5.042943122982312,21.127375982316707,105.73669099110818,,,,
54.85,-3163.1486995778127,-114.62609868884854,75.20477528753392,103.54045599151974,-5.045818741337287,21.139388233700988,105.79678657028012,,,,
54.9,-3170.339768434093,-114.90144127820356,75.37401575291116,103.65808108038861,-5.051569978046814,21.163412736488027,105.916977728627,,,,
54.95,-3173.938364659033,-115.03922932274186,75.45870827700418,103.71689362482338,-5.05444559640148,21.17542498788066,105.97707330780216,,,,
55.0,-3181.1416807025134,-115.31503891154004,75.62823790799898,103.83451871369456,-5.0601968331112825,21.19944949065775,106.09726446615561,,,,
55.05,-3184.746400521053,-115.45306045579993,75.71307501490077,103.89333125813083,-5.063072451466095,21.211461742042964,106.15736004533389,,,,
55.1,-3191.9619637517335,-115.7293370440413,75.88289381151311,104.0109563470013,-5.068823688175784,21.235486244821946,106.27755120369326,,,,
55.15,-3195.5728071638737,-115.86759208802279,75.96787550122369,104.06976889143557,-5.071699306530472,21.247498496216984,106.33764678287467,,,,
55.2,-3202.800617581754,-116.14433567570735,76.13798346345358,104.187393980306,-5.077450543240139,21.271522998997728,106.45783794124057,,,,
55.25,-3206.4175845874943,-116.28282421941043,76.22310973597293,104.24620652474198,-5.080326161594966,21.283535250384368,106.51793352042509,,,,
55.3,-3213.6576421925747,-116.56003480653817,76.39350686382038,104.36383161361405,-5.086077398304774,21.307559753156035,106.63812467879698,,,,
55.35,-3217.280732791915,-116.6987568499628,76.4787777191485,104.42264415804809,-5.088953016659413,21.319572004551624,106.69822025798445,,,,
55.4,-3224.5330375841954,-116.97643443653368,76.64946401261349,104.5402692469177,-5.094704253369001,21.343596507336574,106.81841141636274,,,,
55.45,-3228.2690242715325,-117.11947808569089,76.73739239910364,104.60081157207203,-5.097664448734224,21.355962060236198,106.8802745125884,,,,
55.5,-3235.5336963214763,-117.39762725013085,76.90837069314324,104.7184366609446,-5.1034156854440855,21.379986563006348,107.00046567097283,,,,
55.55,-3239.1690941432485,-117.53681858221164,76.99393213156742,104.7772492053796,-5.106291303798803,21.3919988143965,107.06056125016632,,,,
55.6,-3242.8065331628873,-117.67608774753295,77.0795417642612,104.83606174981361,-5.109166922153519,21.404011065792638,107.12065682936104,,,,
55.65,-3250.087534795764,-117.95485957789717,77.2509056124575,104.95368683868358,-5.114918158863125,21.428035568575645,107.2408479877536,,,,
55.7,-3253.7310974090024,-118.09436224294008,77.33665982796006,105.0124993831194,-5.117793777217909,21.440047819963105,107.30094356695139,,,,
55.75,-3261.024346229079,-118.37360107274743,77.50831284177393,105.1301244719919,-5.123545013927794,21.464072322733166,107.4211347253499,,,,
55.8,-3264.6740324359175,-118.5133372375119,77.59421164008526,105.18893701642635,-5.126420632282441,21.476084574126304,107.48123030455052,,,,
55.85,-3271.9795284431943,-118.79304306676244,77.76615381951667,105.3065621052954,-5.132171868992045,21.500109076913823,107.60142146295514,,,,
55.9,-3275.6353382436328,-118.9330127312485,77.85219720063678,105.36537464973085,-5.135047487346829,21.512121328303017,107.66151704215895,,,,
55.95,-3282.95308143811,-119.21318555994222,78.02442854568575,105.48299973860316,-5.140798724056643,21.536145831074606,107.78170820056957,,,,
56.0,-3286.615014832149,-119.35338872414988,78.11061650961463,105.54181228303904,-5.143674342411493,21.54815808246088,107.84180377977623,,,,
56.05,-3293.945005213827,-119.6340285522868,78.28313702028115,105.65943737190749,-5.149425579120929,21.572182585250538,107.96199493819263,,,,
56.1,-3297.6130622014657,-119.77446521621604,78.3694695670188,105.71824991634254,-5.152301197475731,21.584194836641718,108.02209051740242,,,,
56.15,-3304.9552997703436,-120.05557204379609,78.54227924330287,105.83587500521423,-5.158052434185441,21.608219339416326,108.14228167582495,,,,
56.2,-3308.629480351582,-120.1962422074469,78.6287563728493,105.89468754965071,-5.160928052540384,21.62023159080057,108.2023772550377,,,,
56.25,-3315.983965107659,-120.47781603447011,78.80185521475092,106.01231263851992,-5.166679289249816,21.64425609358564,108.32256841346577,,,,
56.3,-3319.6642692824976,-120.61871969784251,78.88847692710613,106.07112518295453,-5.169554907604648,21.656268344979082,108.38266399268147,,,,
56.35,-3327.031001225775,-120.90076052430891,79.06186493462529,106.18875027182551,-5.175306144314205,21.68029284775712,108.50285515111575,,,,
56.4,-3330.717428994214,-121.04189768740291,79.14863122978927,106.24756281626175,-5.178181762669204,21.692305099142686,108.5629507303344,,,,
56.45,-3334.4058979605197,-121.18311268373743,79.23544571922284,106.30637536069813,-5.1810573810241225,21.704317350526853,108.6230463095539,,,,
56.5,-3341.788959486731,-121.46577617612809,79.40921928089875,106.4240004495669,-5.186808617733515,21.728341853314475,108.74323746799573,,,,
56.55,-3345.4835520466368,-121.60722467218422,79.49617835314109,106.48281299400168,-5.1896842360883735,21.74035410470701,108.80333304721822,,,,
56.6,-3352.878860760048,-121.890355164018,79.67024108043455,106.60043808287297,-5.195435472797961,21.764378607483657,108.92352420566611,,,,
56.65,-3356.579576913554,-122.03203715979569,79.75734473548566,106.65925062730926,-5.19831109115295,21.776390858868666,108.98361978489149,,,,
56.7,-3363.9871328141653,-122.31563465107266,79.93169662839668,106.77687571617949,-5.204062327862477,21.800415361648838,109.10381094334484,,,,
56.75,-3367.693972561271,-122.45755014657193,80.01894486625658,106.83568826061381,-5.20693794621726,21.812427613043766,109.16390652257314,,,,
56.8,-3375.1137756490825,-122.74161463729207,80.19358592478513,106.95331334948432,-5.212689182926832,21.83645211582408,109.28409768103253,,,,
56.85,-3378.8267389897883,-122.88376363251294,80.2809787454538,107.01212589392033,-5.215564801281767,21.84846436721049,109.34419326026367,,,,
56.9,-3386.2587892648,-123.16829512267627,80.4559089695999,107.12975098279237,-5.221316037991464,21.872488869982273,109.46438441872859,,,,
56.95,-3389.9778761991056,-123.31067761761874,80.54344637307736,107.18856352722636,-5.224191656346212,21.884501121378207,109.52447999796249,,,,
57.0,-3397.422173661317,-123.59567610722522,80.71866576284101,107.30618861609597,-5.229942893055744,21.908525624162877,109.64467115643326,,,,
57.05,-3401.147384189223,-123.73829210188924,80.80634774912723,107.3650011605317,-5.232818511410573,21.92053787555093,109.70476673567013,,,,
57.1,-3408.6039288386346,-124.02375759093889,80.98185630450844,107.48262624940426,-5.238569748120428,21.944562378320825,109.82495789414654,,,,
57.15,-3412.3352629601404,-124.1666070853245,81.06968287360344,107.54143879383916,-5.241445366475132,21.956574629711675,109.88505347338598,,,,
57.2,-3419.8040547967526,-124.45253957381733,81.2454805946022,107.65906388270784,-5.247196603184723,21.980599132500874,110.00524463186808,,,,
57.25,-3423.541512511859,-124.59562256792455,81.33345174650596,107.71787642714317,-5.250072221539456,21.99261138389072,110.06534021111054,,,,
57.3,-3427.281011424832,-124.73878339527229,81.42147109267933,107.77668897157899,-5.252947839894286,22.00462363527801,110.1254357903539,,,,
57.35,-3434.7661328443774,-125.02533854968937,81.59765436783482,107.89431406045155,-5.258699076604183,22.028648138047785,110.2456269488434,,,,
57.4,-3438.51175535095,-125.1687328767587,81.68581829681696,107.95312660488592,-5.261574694958812,22.040660389441264,110.30572252808939,,,,
57.45,-3446.009123957695,-125.4557550306189,81.86229073759,108.070751693755,-5.2673259316684335,22.064684892228726,110.42591368658455,,,,
57.5,-3449.7608700578676,-125.5993828574098,81.95059924938091,108.12956423819048,-5.27020155002323,22.076697143617828,110.48600926583353,,,,
57.55,-3457.2704858518127,-125.88687201071318,82.12736085577151,108.24718932706284,-5.275952786733023,22.10072164638907,110.60620042433423,,,,
57.6,-3461.0283555455853,-126.03073333722567,82.2158139503712,108.30600187149862,-5.27882840508791,22.11273389777576,110.6662960035858,,,,
57.65,-3468.5502185267314,-126.31868948997224,82.39286472237934,108.42362696036705,-5.284579641797257,22.136758400565846,110.7864871620919,,,,
57.7,-3472.3142118141045,-126.46278431620632,82.4814623997878,108.4824395048021,-5.2874552601521385,22.148770651956916,110.84658274134637,,,,
57.75,-3479.8483219824507,-126.75120746839609,82.6588023374135,108.60006459367388,-5.293206496861774,22.17279515473114,110.9667738998581,,,,
57.8,-3483.6184388634238,-126.89553579435177,82.74754459763074,108.65887713811037,-5.296082115216783,22.18480740611514,111.0268694791153,,,,
57.85,-3491.16479621897,-127.18442594598469,82.92517370087398,108.77650222697952,-5.301833351926197,22.208831908900642,111.14706063763215,,,,
57.9,-3494.941036693543,-127.32898777166191,83.0140605439,108.83531477141413,-5.304708970281009,22.22084416029403,111.20715621689213,,,,
57.95,-3502.4996412362884,-127.61834492273798,83.1919788127608,108.95293986028516,-5.310460206990642,22.244868663071856,111.32734737541473,,,,
58.0,-3506.282005304461,-127.7631402481368,83.28101023859557,109.01175240472143,-5.31333582534555,22.25688091445722,111.38744295467744,,,,
58.05,-3513.8528570344074,-128.05296439865612,83.45921767307391,109.12937749359223,-5.3190870620552255,22.2809054172343,111.50763411320509,,,,
58.1,-3517.6413446961806,-128.1979932237765,83.54839368171749,109.18819003802636,-5.321962680409895,22.29291766863021,111.56772969247048,,,,
58.15,-3521.4318735558204,-128.34309988213747,83.63761788463063,109.24700258246116,-5.3248382987647425,22.304929920022584,111.62782527173673,,,,
58.2,-3529.0190548687,-128.63354669858094,83.8162108732657,109.36462767133253,-5.330589535474351,22.32895442279878,111.74801643027193,,,,
58.25,-3532.81570732194,-128.77888685666346,83.90557965898762,109.42344021576888,-5.333465153829347,22.340966674183512,111.80811200954086,,,,
58.3,-3540.4151358220197,-129.06980067255012,84.08446181324025,109.54106530463906,-5.339216390538842,22.364991176963905,111.92830316808109,,,,
58.35,-3544.2179118688596,-129.21537433035425,84.17397518177094,109.59987784907337,-5.342092008893646,22.377003428358776,111.9883987473527,,,,
58.4,-3551.8295875561394,-129.50675514568408,84.35314650164112,109.71750293794395,-5.3478432456032055,22.40102793113887,112.10858990589858,,,,
58.45,-3555.6384871965793,-129.6525623032098,84.44280445298058,109.77631548238001,-5.350718863958115,22.413040182525087,112.16868548517286,,,,
58.5,-3563.26241007106,-129.94441011798278,84.62226493846832,109.8939405712519,-5.356470100667857,22.43706468529758,112.28887664372381,,,,
58.55,-3567.0774333051,-130.09045077523007,84.71206747261657,109.9527531156858,-5.359345719022499,22.449076936693928,112.3489722230006,,,,
58.6,-3574.71360336678,-130.38276558944622,84.89181712372184,110.07037820455551,-5.365096955732157,22.47310143947828,112.46916338155707,,,,
58.65,-3578.5347501944198,-130.5290397464151,84.98176424067886,110.12919074899125,-5.367972574086908,22.48511369086608,112.52925896083659,,,,
58.7,-3586.1831674432997,-130.82182156007445,85.16180305740168,110.24681583786393,-5.373723810796827,22.5091381936355,112.64945011939822,,,,
58.75,-3590.0104378645397,-130.96832921676491,85.25189475716749,110.30562838229876,-5.376599429151534,22.52115044502661,112.70954569868016,,,,
58.8,-3597.6711023006196,-131.26157802986745,85.43222273950786,110.42325347116746,-5.382350665861036,22.545174947815752,112.82973685724703,,,,
58.85,-3601.5044963154596,-131.40831918627953,85.52245902208243,110.4820660156028,-5.3852262842158245,22.557187199205487,112.88983243653178,,,,
58.9,-3609.17740793874,-131.70203499882518,85.70307617004036,110.59969110447501,-5.390977520925637,22.581211701977576,113.01002359510392,,,,
58.95,-3613.0169255471806,-131.84900965495882,85.79345703542371,110.65850364891116,-5.393853139280499,22.59322395336258,113.07011917439111,,,,
59.0,-3616.8584843534877,-131.99606214433297,85.88388609507665,110.71731619334538,-5.396728757635136,22.60523620475698,113.13021475367914,,,,
59.05,-3624.547725559702,-132.29040062280285,86.0648887971913,110.83494128221452,-5.402479994344751,22.62926070754415,113.25040591225816,,,,
59.1,-3628.395407959609,-132.4376866118986,86.15546243965302,110.89375382665004,-5.405355612699491,22.641272958933012,113.31050149154893,,,,
59.15,-3636.0968963530227,-132.7324920898117,86.33675430738523,111.0113789155225,-5.411106849409382,22.66529746170373,113.43069265013307,,,,
59.2,-3639.9507023465294,-132.88001157862902,86.42747253265573,111.07019145995827,-5.413982467764183,22.677309713090498,113.49078822942623,,,,
59.25,-3647.664437927143,-133.17528405598532,86.60905356600549,111.18781654882666,-5.419733704473663,22.701334215880724,113.6109793880154,,,,
59.3,-3651.5243675142497,-133.32303704452426,86.69991637408475,111.24662909326176,-5.422609322828472,22.713346467271688,113.6710749673113,,,,
59.35,-3659.250350282064,-133.61877652132367,86.88178657305207,111.36425418213359,-5.428360559538139,22.73737097004559,113.79126612590564,,,,
59.4,-3663.1164034627714,-133.76676300958417,86.9727939639401,111.42306672657008,-5.431236177893136,22.749383221429476,113.85136170520404,,,,
59.45,-3670.854633417786,-134.06296948582676,87.15495332852497,111.54069181543898,-5.436987414602527,22.77340772421628,113.97155286380315,,,,
59.5,-3674.726810192093,-134.21118947380884,87.24610530222178,111.59950435987362,-5.439863032957354,22.78541997560952,114.03164844310413,,,,
59.55,-3682.4772873343077,-134.5078629494946,87.4285538324242,111.71712944874474,-5.445614269666961,22.809444478386883,114.15183960170859,,,,
59.6,-3686.355587702215,-134.65631643719829,87.51985038892978,111.77594199318105,-5.448489888021939,22.821456729771988,114.2119351810121,,,,
59.65,-3694.1183120316296,-134.95345691232725,87.70258808474975,111.89356708205187,-5.454241124731502,22.845481232549247,114.33212633962125,,,,
59.7,-3698.0027359931364,-135.10214389975252,87.79402922406412,111.95237962648595,-5.457116743086315,22.85749348394514,114.39222191892722,,,,
59.75,-3705.777707509751,-135.39975137432464,87.97705608550163,112.07000471535625,-5.462867979795807,22.881517986726628,114.51241307754171,,,,
59.8,-3709.6682550648584,-135.54867186147146,88.06864180762477,112.12881725979221,-5.465743598150768,22.893530238113318,114.57250865685019,,,,
59.85,-3713.5608438178324,-135.69767018185883,88.16027572401751,112.18762980422862,-5.4686192165057035,22.905542489497837,114.6326042361595,,,,
59.9,-3721.3521449173804,-135.99590032235517,88.34368813961176,112.30525489309854,-5.474370453215208,22.92956699227959,114.75279539478028,,,,
59.95,-3725.2508572639545,-136.14513214246412,88.43546663881327,112.36406743753287,-5.477246071570024,22.941579243674354,114.81289097409207,,,,
60.0,-3733.1692245318454,-136.4482242102806,88.6218711521902,112.48342230712221,-5.483081885289975,22.965957047965382,114.93484964975673,,,,
60.05,-3737.074120507251,-136.59769181932413,88.71379565167899,112.54223485155835,-5.485957503644972,22.977969299351287,114.99494522907102,,,,
60.1,-3744.890036051662,-136.89686053713274,88.89778923346539,112.65985994043018,-5.491708740354606,23.001993802123952,115.11513638770177,,,,
60.15,-3748.8010556206673,-137.04656164589784,88.98985831576296,112.71867248486403,-5.494584358709362,23.01400605352051,115.17523196701839,,,,
60.2,-3756.629218352279,-137.34619736314957,89.17414106316689,112.83629757373383,-5.500335595418913,23.038030556304474,115.29542312565431,,,,
60.25,-3760.5463615148847,-137.49613197163623,89.26635472827324,112.89511011816964,-5.503211213773717,23.05004280769205,115.3555187049735,,,,
60.3,-3768.3867714336957,-137.79623468833117,89.45092664129473,113.01273520704227,-5.508962450483619,23.074067310461395,115.47570986361414,,,,
60.35,-3772.310038189901,-137.94640279653942,89.54328488920986,113.07154775147683,-5.5118380688382675,23.086079561853914,115.53580544293551,,,,
60.4,-3780.1626952959123,-138.24697251267753,89.72814596784889,113.18917284034565,-5.517589305547862,23.11010406464274,115.65599660158117,,,,
60.45,-3784.092085645718,-138.3973741206074,89.82064879857279,113.24798538478105,-5.520464923902619,23.122116316032166,115.71609218090516,,,,
60.5,-3791.956989938929,-138.69841083618869,90.00579904282938,113.36561047365339,-5.526216160612456,23.14614081880358,115.83628333955562,,,,
60.55,-3795.8925038823345,-138.84904594384014,90.09844645636205,113.42442301808951,-5.529091778967319,23.15815307018873,115.89637891888188,,,,
60.6,-3799.830059023607,-138.9997588847321,90.19114206416432,113.48323556252363,-5.531967397321935,23.17016532158361,115.95647449820892,,,,
60.65,-3807.7112928997526,-139.3014182662376,90.37667786257764,113.60086065139282,-5.5377186340315685,23.194189824370433,116.07666565686577,,,,
60.7,-3811.6549716346253,-139.45236470685114,90.4695180531887,113.65967319582842,-5.54059425238633,23.20620207575908,116.1367612361954,,,,
60.75,-3819.548452697971,-139.7544910877998,90.65534301721955,113.777298284701,-5.546345489096207,23.230226578529297,116.25695239485702,,,,
60.8,-3823.4982550264435,-139.90567102813492,90.74832779063938,113.83611082913647,-5.549221107450997,23.24223882991722,116.31704797418877,,,,
60.85,-3831.403983276988,-140.2082644085268,90.9344419202878,113.95373591800482,-5.554972344160447,23.266263332707815,116.43723913285507,,,,
60.9,-3835.3599091990604,-140.35967784858352,91.0275712765164,114.01254846243995,-5.5578479625152415,23.27827558409847,116.4973347121894,,,,
60.95,-3843.277884636805,-140.66273822841856,91.21397457178236,114.13017355131193,-5.563599199224995,23.30230008687174,116.6175258708605,,,,
61.0,-3847.239934152478,-140.81438516819688,91.30724851081973,114.18898609574846,-5.5664748175799,23.314312338255395,116.67762145019718,,,,
61.05,-3855.1701567774235,-141.11791254747504,91.49394097170325,114.30661118461725,-5.5722260542893896,23.338336841042853,116.79781260887272,,,,
61.1,-3859.1383298866963,-141.26979298697492,91.5873594935494,114.36542372905193,-5.575101672644177,23.350349092435895,116.8579081882118,,,,
61.15,-3867.080799698842,-141.57378736569626,91.77434112005047,114.48304881792315,-5.5808529093537995,23.374373595212823,116.97809934689228,,,,
61.2,-3871.0550964017148,-141.72590130491776,91.86790422470538,114.54186136235948,-5.58372852770877,23.38638584659767,117.03819492623369,,,,
61.25,-3879.0098134010605,-142.0303626830823,92.055175016824,114.65948645122995,-5.58947976441828,23.41041034937667,117.15838608491852,,,,
61.3,-3882.9902336975333,-142.18271012202536,92.14888270428769,114.71829899566407,-5.592355382773104,23.42242260077232,117.21848166426223,,,,
61.35,-3890.957197884079,-142.48763849963308,92.33644266202384,114.8359240845345,-5.5981066194826115,23.446447103553233,117.33867282295205,,,,
61.4,-3894.9437417741515,-142.64021943829775,92.4302949322963,114.89473662897049,-5.600982237837531,23.458459354939585,117.39876840229806,,,,
61.45,-3898.932326862091,-142.7928782102029,92.52419539683837,114.95354917340698,-5.603857856192526,23.470471606323773,117.45886398164491,,,,
61.5,-3906.91562063157,-143.09842925373482,92.71214090873126,115.07117426227678,-5.6096090929019455,23.49449610910619,117.57905514034056,,,,
61.55,-3910.9103293131097,-143.25132152536156,92.8061859560821,115.12998680671113,-5.6124847112567915,23.506508360500767,117.63915071968967,,,,
61.6,-3918.905870269789,-143.55733956833666,92.99442063359254,115.24761189558188,-5.618235947966376,23.53053286328002,117.75934187839023,,,,
61.65,-3922.9067025449285,-143.71046533968502,93.08861026375214,115.30642444001806,-5.6211115663212565,23.542545114665714,117.81943745774164,,,,
61.7,-3930.9144906888077,-144.0169503821033,93.27713410688014,115.42404952888967,-5.626862803031029,23.566569617439335,117.9396286164465,,,,
61.75,-3934.9214465575474,-144.17030965317323,93.37146831984853,115.4828620733235,-5.629738421385647,23.57858186883615,117.99972419580011,,,,
61.8,-3942.9414818886266,-144.4772616950347,93.56028132859407,115.60048716219339,-5.635489658095291,23.602606371619764,118.11991535450981,,,,
61.85,-3946.9545613509663,-144.63085446582625,93.65476012437122,115.65929970662923,-5.638365276450076,23.614618623007082,118.18001093386577,,,,
61.9,-3954.9868438692465,-144.93827350713084,93.84386229873432,115.77692479550196,-5.644116513159977,23.638643125776007,118.30020209257987,,,,
61.95,-3959.0060469251866,-145.09209977764394,93.93848567732026,115.83573733993644,-5.646992131514622,23.65065537716884,118.36029767193787,,,,
62.0,-3967.0505766306665,-145.3999858183917,94.1278770173009,115.95336242880526,-5.652743368224218,23.674679879957537,118.48048883065657,,,,
62.05,-3971.075903280206,-145.5540455886264,94.22264497869561,116.01217497324069,-5.655618986578979,23.68669213134683,118.54058441001705,,,,
62.1,-3979.1326801728856,-145.86239862881735,94.4123254842938,116.12980006211309,-5.661370223288823,23.71071663411788,118.66077556874023,,,,
62.15,-3983.1641304160253,-146.01669189877364,94.5072380284973,116.18861260654909,-5.664245841643672,23.722728885503628,118.72087114810277,,,,
62.2,-3991.2331544959047,-146.3255119384078,94.69720769971303,116.30623769541735,-5.669997078353099,23.746753388294366,118.8410623068303,,,,
62.25,-3995.2707283326445,-146.48003870808566,94.7922648267253,116.36505023985234,-5.672872696707912,23.758765639685812,118.90115788619524,,,,
62.3,-3999.3103433672513,-146.63464331100406,94.88737014800715,116.42386278428796,-5.675748315062666,23.770777891074225,118.96125346556093,,,,
62.35,-4007.395697030065,-146.94408601656238,95.07772537337964,116.54148787316063,-5.681499551772564,23.794802393843874,119.0814446242945,,,,
62.4,-4011.441435658272,-147.09892411920237,95.17297527747026,116.6003004175961,-5.6843751701273355,23.806814645232002,119.14154020366219,,,,
62.45,-4019.539036508286,-147.4088338242039,95.36361966846029,116.71792550646441,-5.690126406836818,23.830839148022662,119.26173136240008,,,,
62.5,-4023.5908987300927,-147.56390542656544,95.4590141553597,116.77673805089961,-5.693002025191619,23.842851399413213,119.32182694177023,,,,
62.55,-4031.7007467673066,-147.87428213101018,95.64994771196727,116.89436313977164,-5.69875326190135,23.86687590218613,119.44201810051264,,,,
62.6,-4035.758732582713,-148.02958723309334,95.74548678167545,116.95317568420812,-5.701628880256305,23.878888153569854,119.50211367988484,,,,
62.65,-4043.880827807126,-148.34043093698122,95.93670950390057,117.07080077307671,-5.707380116965684,23.90291265635848,119.6223048386314,,,,
62.7,-4047.9449372161325,-148.49596953878597,96.03239315641754,117.12961331751143,-5.710255735320516,23.91492490775135,119.68240041800588,,,,
62.75,-4056.0792796277465,-148.80728024211697,96.22390504426022,117.24723840638273,-5.716006972030121,23.938949410527798,119.80259157675704,,,,
62.8,-4060.1495126303535,-148.96305234364328,96.31973327958595,117.30605095081911,-5.718882590385118,23.95096166191236,119.86268715613369,,,,
62.85,-4068.2961022291674,-149.2748300464175,96.51153433304617,117.42367603968957,-5.724633827094641,23.97498616469161,119.9828783148889,,,,
62.9,-4072.3724588253745,-149.4308356476654,96.60750715118068,117.4824885841237,-5.727509445449454,23.986998416087207,120.0429738942677,,,,
62.95,-4080.5312956113885,-149.7430803498828,96.79959737025847,117.60011367299414,-5.7332606821589716,24.01102291886788,120.16316505302751,,,,
63.0,-4084.6137758011955,-149.8993194508523,96.89571477120174,117.65892621743022,-5.73613630051392,24.02303517025407,120.22326063240851,,,,
63.05,-4092.7848597744096,-150.21203115251288,97.08809415589707,117.77655130630238,-5.7418875372236675,24.047059673025295,120.34345179117243,,,,
63.1,-4096.873463557814,-150.36850375320398,97.18435613964913,117.83536385073623,-5.744763155578315,24.059071924421907,120.40354737055546,,,,
63.15,-4100.964108539088,-150.52505418713557,97.28066631767078,117.8941763951706,-5.747638773933149,24.071084175816342,120.46364294993928,,,,
63.2,-4109.151522095235,-150.83838855472032,97.47343125652284,118.01180148404146,-5.753390010642687,24.095108678595125,120.58383410870913,,,,
63.25,-4113.248290670109,-150.9951724883735,97.56988601735326,118.07061402847766,-5.7562656289976815,24.107120929980567,120.6439296880951,,,,
63.3,-4121.447951413456,-151.30897385540143,97.76294012182288,118.1882391173493,-5.762016865707325,24.131145432754188,120.76412084686893,,,,
63.35,-4125.55084358193,-151.46599128877622,97.85953946546208,118.2470516617831,-5.764892484062013,24.143157684151078,120.82421642625695,,,,
63.4,-4133.762751512478,-151.78025965524736,98.05288273554925,118.36467675065302,-5.770643720771654,24.167182186934475,120.94440758503531,,,,
63.45,-4137.8717672745515,-151.9375105883437,98.1496266619972,118.42348929508888,-5.773519339126425,24.17919443832163,121.0045031644255,,,,
63.5,-4146.095922392299,-152.25224595425806,98.34325909770193,118.5411143839616,-5.779270575836353,24.203218941090668,121.12469432320795,,,,
63.55,-4150.211061747973,-152.409730387076,98.44014760695867,118.5999269283959,-5.782146194190981,24.215231192484612,121.18478990260009,,,,
63.6,-4158.447464052921,-152.72493275243346,98.63406920828095,118.71755201726474,-5.787897430900563,24.239255695272988,121.3049810613868,,,,
63.65,-4162.5687270021945,-152.882650684973,98.73110230034646,118.77636456170026,-5.790773049255332,24.251267946662065,121.36507664078125,,,,
63.7,-4170.817376494342,-153.19832004977363,98.92531306728628,118.89398965057276,-5.796524285965196,24.27529244943255,121.48526779957217,,,,
63.75,-4174.944763037216,-153.35627148203474,99.02249074216058,118.95280219500874,-5.799399904320042,24.28730470081835,121.5453633789685,,,,
63.8,-4183.205659716566,-153.67240784627856,99.21699067471795,119.07042728387697,-5.805151141029466,24.311329203609233,121.66555453776344,,,,
63.85,-4187.33916985304,-153.83059277826126,99.31431293240102,119.12923982831198,-5.808026759384279,24.323341455000588,121.72565011716203,,,,
63.9,-4195.61231371959,-154.14719614194829,99.50910203057595,119.24686491718381,-5.8137779960939495,24.347365957774553,121.84584127596128,,,,
63.95,-4199.751947449665,-154.30561457365258,99.6065688710678,119.30567746162038,-5.816653614448945,24.359378209158105,121.90593685536189,,,,
64.0,-4203.893622377606,-154.46411083859738,99.70408390582922,119.36449000605559,-5.819529232803695,24.37139046054733,121.966032434763,,,,
64.05,-4212.183095827088,-154.78133686820857,99.89925855816088,119.48211509492393,-5.825280469513171,24.395414963338204,122.0862235935677,,,,
64.1,-4216.330894348629,-154.94006663287496,99.9969181757311,119.54092763935914,-5.82815608786795,24.407427214728536,122.14631917297109,,,,
64.15,-4224.63261498531,-155.25775966192936,100.1923819936803,119.65855272823129,-5.833907324577748,24.431451717500916,122.26651033177993,,,,
64.2,-4228.786537100451,-155.41672292631733,100.29018619405929,119.71736527266779,-5.836782942932653,24.443463968884473,122.32660591118527,,,,
64.25,-4237.100504924332,-155.7348829548149,100.48593917762604,119.83499036153631,-5.842534179642099,24.467488471673402,122.44679706999796,,,,
64.3,-4241.260550633073,-155.8940797189245,100.58388796081381,119.89380290597106,-5.845409797996901,24.479500723066174,122.50689264940544,,,,
64.35,-4249.586765644154,-156.21270674686525,100.77993010999812,120.01142799484244,-5.851161034706499,24.503525225842324,122.62708380822244,,,,
64.4,-4253.752934946495,-156.3721370106964,100.87802347599465,120.07024053927886,-5.854036653061508,24.51553747722668,122.68717938763193,,,,
64.45,-4262.091397144776,-156.69123103808028,101.07435479079649,120.187865628149,-5.859787889770967,24.539561980007363,122.80737054645267,,,,
64.5,-4266.263690040717,-156.850894801633,101.17259273960181,120.24667817258317,-5.862663508125791,24.551574231402828,122.8674661258642,,,,
64.55,-4274.614399426198,-157.17045582846006,101.36921322002121,120.36430326145371,-5.868414744835342,24.575598734183064,122.98765728468925,,,,
64.6,-4278.79281591574,-157.3303530917344,101.46759575163529,120.42311580588984,-5.871290363190245,24.58761098556896,123.0477528641028,,,,
64.65,-4287.278818062006,-157.65508973538647,101.6674025660848,120.54247067548067,-5.877126176910468,24.611988789851626,123.16971153997328,,,,
64.7,-4291.463418180379,-157.81522278759536,101.76593109798618,120.60128321991446,-5.880001795265091,24.624001041248498,123.22980711938874,,,,
64.75,-4299.838742010726,-158.1357223917347,101.96313274459771,120.71890830878405,-5.885753031974741,24.64802554403341,123.34999827822185,,,,
64.8,-4304.029465722699,-158.29608894366518,102.06180585930785,120.77772085321982,-5.888628650329491,24.66003779542107,123.41009385763941,,,,
64.85,-4308.222230632538,-158.45653332883614,102.1605271682876,120.83653339765611,-5.891504268684463,24.67205004680625,123.47018943705764,,,,
64.9,-4316.613884045818,-158.77765559889968,102.35811436905587,120.95415848652738,-5.897255505394112,24.696074549581414,123.59038059589575,,,,
64.95,-4320.812772549258,-158.93833348379226,102.45698026084439,121.01297103096121,-5.9001311237488,24.70808680097838,123.65047617531592,,,,
65.0,-4329.216673149737,-159.25992275329898,102.6548566272302,121.13059611983127,-5.905882360458417,24.732111303761165,123.77066733415833,,,,
65.05,-4333.421685246777,-159.42083413791312,102.7538671018275,121.1894086642672,-5.908757978813235,24.744123555147993,123.83076291358049,,,,
65.1,-4341.837833034457,-159.74289040686304,102.95203263383087,121.30703375313993,-5.91450921552313,24.768148057916736,123.95095407242667,,,,
65.15,-4346.0489687250965,-159.9040352911988,103.05118769123693,121.36584629757412,-5.91738483387775,24.78016030931125,124.01104965185061,,,,
65.2,-4354.477363699974,-160.2265585595919,103.24964238885785,121.4834713864431,-5.923136070587362,24.804184812099255,124.13124081070086,,,,
65.25,-4358.694622984213,-160.3879369436492,103.34894202907269,121.5422839308786,-5.926011688942101,24.816197063488083,124.19133639012692,,,,
65.3,-4367.135265146291,-160.71092721148543,103.54768589231116,121.65990901975125,-5.931762925652016,24.840221566258066,124.31152754898109,,,,
65.35,-4371.35864802413,-160.87253909526433,103.64713011533478,121.71872156418696,-5.934638544006825,24.85223381764495,124.37162312840891,,,,
65.4,-4379.811537373408,-161.19599636254372,103.8461631441908,121.83634665305512,-5.940389780716253,24.876258320436378,124.49181428726683,,,,
65.45,-4384.041043844848,-161.35784174604424,103.9457519500232,121.89515919749019,-5.9432653990710556,24.888270571827412,124.5519098666968,,,,
65.5,-4392.506180381328,-161.68176601276684,104.14507414449676,122.01278428636215,-5.949016635780788,24.912295074600706,124.67210102555869,,,,
65.55,-4396.741810446368,-161.84384489598892,104.24480753313793,122.0715968307988,-5.951892254135745,24.924307325983936,124.73219660499058,,,,
65.6,-4405.219194170048,-162.16823616215473,104.44441889322904,122.18922191966765,-5.95764349084515,24.948331828770947,124.85238776385602,,,,
65.65,-4409.4609478286875,-162.3305485450984,104.544296864679,122.24803446410219,-5.9605191091999865,24.960344080164553,124.91248334328984,,,,
65.7,-4413.704742685194,-162.49293876128257,104.64422303039854,122.30684700853749,-5.963394727554764,24.972356331554664,124.97257892272434,,,,
65.75,-4422.198455991807,-162.81795269337255,104.84421994464638,122.4244720974097,-5.969145964264558,24.996380834326533,125.09277008159516,,,,
65.8,-4426.448374441914,-162.9805764092783,104.9442906931747,122.48328464184614,-5.9720215826194805,25.00839308571046,125.15286566103146,,,,
65.85,-4434.954334935727,-163.30605734081146,105.1445767730401,122.60090973071445,-5.977772819328848,25.03241758850065,125.27305681990592,,,,
65.9,-4439.210376979434,-163.46891455643885,105.24479210437718,122.65972227514922,-5.980648437683678,25.044429839893134,125.33315239934419,,,,
65.95,-4447.728584660447,-163.79486248741517,105.44536734986013,122.77734736402074,-5.986399674393295,25.06845434266861,125.45334355822267,,,,
66.0,-4451.990750297754,-163.95795320276414,105.545727264006,122.83615990845723,-5.989275292748301,25.08046659405261,125.51343913766283,,,,
66.05,-4460.521205165967,-164.28436813318368,105.7465916751065,122.95378499732725,-5.995026529457765,25.104491096833982,125.63363029654478,,,,
66.1,-4464.789494396874,-164.4476923482542,105.84709617206114,123.01259754176145,-5.997902147812589,25.116503348229244,125.69372587598683,,,,
66.15,-4473.3321964522875,-164.77457427811686,106.0482497487792,123.1302226306321,-6.003653384522122,25.140527851009047,125.81391703487286,,,,
66.2,-4477.606609276794,-164.93813199290898,106.14889882854261,123.18903517506827,-6.006529002877094,25.15254010239471,125.8740126143168,,,,
66.25,-4486.161558519408,-165.2654809222148,106.35034157087821,123.30666026394017,-6.012280239586785,25.17656460516695,125.99420377320631,,,,
66.3,-4490.442094937514,-165.4292721367285,106.4511352334504,123.36547280837392,-6.015155857941454,25.188576856564218,126.05429935265205,,,,
66.35,-4499.009291367329,-165.75708806547752,106.65286714140356,123.4830978972436,-6.0209070946510925,25.212601359348742,126.17449051154556,,,,
66.4,-4503.295951379036,-165.92111277971284,106.75380538678452,123.54191044167942,-6.023782713005841,25.22461361073615,126.23458609099323,,,,
66.45,-4511.875394996049,-166.24939570790505,106.95582646035523,123.65953553055233,-6.029533949715803,25.248638113504313,126.35477724989038,,,,
66.5,-4516.168178601356,-166.41365392186194,107.05690928854496,123.71834807498698,-6.032409568070467,25.260650364896307,126.41487282933966,,,,
66.55,-4520.463003404529,-166.57798996905933,107.1580403110043,123.77716061942085,-6.035285186425169,25.27266261629329,126.4749684087898,,,,
66.6,-4529.058776604476,-166.9068955631757,107.36044693873173,123.89478570829093,-6.041036423134791,25.296687119075834,126.59515956769197,,,,
66.65,-4533.35972500125,-167.07146511009472,107.46172254399984,123.95359825272686,-6.043912041489598,25.308699370462485,126.6552551471439,,,,
66.7,-4541.967745388397,-167.4008377036543,107.66441833734483,124.07122334159953,-6.049663278199503,25.33272387323157,126.7754463060496,,,,
66.75,-4546.27481737877,-167.56564075029488,107.76583852542171,124.13003588603355,-6.052538896554102,25.34473612462704,126.83554188550326,,,,
66.8,-4554.8950849531175,-167.89548034329766,107.96882348438425,124.24766097490257,-6.058290133263712,25.368760627414687,126.95573304441274,,,,
66.85,-4559.208280537091,-168.06051688965985,108.0703882552699,124.30647351933817,-6.061165751618455,25.380772878803274,127.01582862386842,,,,
66.9,-4567.840795298638,-168.3908234821058,108.27366237985,124.42409860821088,-6.06691698832838,25.40479738157267,127.13601978278152,,,,
66.95,-4572.160114476212,-168.55609352818954,108.37537173354443,124.4829111526466,-6.0697926066831736,25.416809632959687,127.19611536223881,,,,
67.0,-4580.804876424959,-168.8868671200786,108.57893502374206,124.60053624151472,-6.075543843392625,25.440834135751228,127.31630652115547,,,,
67.05,-4585.130319196132,-169.05237066588393,108.68078896024527,124.65934878594983,-6.078419461747436,25.452846387142145,127.37640210061475,,,,
67.1,-4593.78732833208,-169.3836112572162,108.88464141606046,124.77697387482188,-6.084170698457124,25.47687088991507,127.49659325953516,,,,
67.15,-4598.118894696854,-169.5493483027431,108.98663993537245,124.83578641925847,-6.087046316812137,25.48888314129828,127.55668883899618,,,,
67.2,-4606.788151020003,-169.88105589351858,109.19078155680518,124.9534115081271,-6.092797553521478,25.51290764408665,127.67687999791991,,,,
67.25,-4611.125840978378,-170.0470264387671,109.29292465892594,125.01222405256169,-6.095673171876327,25.52491989548009,127.73697557738281,,,,
67.3,-4619.807344488727,-170.37920102898573,109.49735544597624,125.12984914143294,-6.101424408585917,25.54894439825686,127.85716673631039,,,,
67.35,-4624.151158040701,-170.54540507395583,109.59964313090578,125.18866168586936,-6.104300026940929,25.560956649641277,127.91726231577506,,,,
67.4,-4628.497012790543,-170.71168695216645,109.70197901010489,125.2474742303058,-6.10717564529583,25.572968901025085,127.97735789524023,,,,
67.45,-4637.194845883825,-171.04448420830929,109.90679535131191,125.36509931917406,-6.112926882005242,25.59699340381554,128.09754905417236,,,,
67.5,-4641.546824227266,-171.21099958624148,110.00927581331982,125.42391186360798,-6.1158025003599805,25.60900565521106,128.1576446336392,,,,
67.55,-4650.385054841739,-171.54916710964042,110.21739901592149,125.54326673318094,-6.121638314078443,25.633383459578212,128.27960330961733,,,,
67.6,-4654.74321681401,-171.71591827650718,110.32002547821668,125.60207927760955,-6.1245139324328175,25.645395711003424,128.33969888908666,,,,
67.65,-4663.465664352154,-172.0496541099623,110.52542298561583,125.71970436648921,-6.130265169143196,25.66942021374345,128.45989004802703,,,,
67.7,-4667.829949918026,-172.21663877655064,110.6281940307198,125.77851691093147,-6.133140787498452,25.68143246509709,128.51998562749722,,,,
67.75,-4676.564644643369,-172.55084160944892,110.8338807037365,125.89614199979792,-6.138892024207871,25.7054569678926,128.64017678643924,,,,
67.8,-4680.935053802841,-172.71805977575883,110.93679633164925,125.95495454422546,-6.1417676425619465,25.717469219320396,128.70027236591153,,,,
67.85,-4689.681995715385,-173.05272960810026,111.1427721702835,126.07257963310042,-6.147518879271896,25.741493722083817,128.820463524859,,,,
67.9,-4694.058528468457,-173.22018127413176,111.24583238100502,126.13139217754146,-6.150394497627222,25.75350597344345,128.88055910433272,,,,
67.95,-4702.8177175682,-173.55531810591637,111.4520973852568,126.24901726640621,-6.156145734336132,25.777530476247343,129.00075026328173,,,,
68.0,-4707.200373914873,-173.72300327166948,111.5553021787871,126.30782981083685,-6.159021352690668,25.78954272766199,129.06084584275794,,,,
68.05,-4715.971810201819,-174.05860710289727,111.76185634865645,126.42545489971634,-6.164772589400993,25.813567230399926,129.18103700171173,,,,
68.1,-4720.3605901420915,-174.22652576837194,111.86520572499552,126.48426744415207,-6.167648207755659,25.825579481785482,129.24113258118885,,,,
68.15,-4724.751411280231,-174.39452226708718,111.96860329560417,126.54307998858243,-6.170523826110078,25.837591733197158,129.3012281606665,,,,
68.2,-4733.53917715011,-174.73074876423917,112.17554301963025,126.66070507745279,-6.176275062819788,25.861616235982538,129.42141931962544,,,,
68.25,-4737.936121881849,-174.89897876267597,112.27908517304769,126.71951762189305,-6.179150681174876,25.873628487346657,129.48151489910504,,,,
68.3,-4746.736134938928,-175.23567225927113,112.48631406269132,126.83714271075702,-6.18490191788393,25.897652990154953,129.60170605806573,,,,
68.35,-4751.139203264268,-175.4041357574295,112.59000079891753,126.89595525519067,-6.187777536238668,25.909665241555594,129.66180163754785,,,,
68.4,-4759.951463508547,-175.74129625346785,112.7975188541787,127.01358034406962,-6.193528772948755,25.93368974429393,129.78199279651267,,,,
68.45,-4764.360655427487,-175.90999325134783,112.9013501732137,127.07239288850232,-6.196404391303322,25.945701995694247,129.84208837599553,,,,
68.5,-4773.185162858966,-176.24762074682937,113.10915739409243,127.19001797736819,-6.202155628012711,25.969726498499796,129.96227953496435,,,,
68.55,-4777.600478371505,-176.41655124443093,113.21313329593619,127.24883052180942,-6.205031246367926,25.981738749860973,130.02237511444946,,,,
68.6,-4786.437232990184,-176.75464573935562,113.42122968243247,127.36645561067702,-6.210782483077176,26.005763252650723,130.14256627342024,,,,
68.65,-4790.858672096323,-176.92380973667875,113.52535016708501,127.42526815510816,-6.213658101431776,26.017775504062676,130.20266185290728,,,,
68.7,-4799.7076739022,-177.2623712310466,113.73373571919885,127.54289324398688,-6.219409338141968,26.041800006803747,130.32285301188261,,,,
68.75,-4804.135236601939,-177.4317687280913,113.83800078666015,127.60170578842126,-6.222284956496548,26.053812258195798,130.38294859137056,,,,
68.8,-4812.996485595017,-177.77079722190234,114.04667550439153,127.71933087728492,-6.228036193205791,26.077836761010804,130.50313975034928,,,,
68.85,-4817.430171888356,-177.94042821866864,114.15108515466162,127.77814342172552,-6.230911811561039,26.089849012376042,130.56323532983964,,,,
68.9,-4826.3036680686355,-178.27992371192286,114.36004903801056,127.89576851059593,-6.236663048270422,26.113873515152246,130.68342648882057,,,,
68.95,-4830.743477955575,-178.44978820841078,114.46460327108942,127.95458105502595,-6.2395386666249255,26.125885766568494,130.74352206831244,,,,
69.0,-4835.1853290403815,-178.6197305381392,114.56920569843786,128.01339359946277,-6.24241428497995,26.13789801795327,130.80361764780523,,,,
69.05,-4844.205948453508,-178.96485275783047,114.78163524246594,128.13274846905819,-6.248250098700299,26.16227582221186,130.92557632383495,,,,
69.1,-4848.653983167146,-179.13503087649343,114.88638367010168,128.19156101348852,-6.251125717054727,26.174288073624247,130.98567190332858,,,,
69.15,-4857.556176188022,-179.47562061354094,115.09602510818193,128.3091861023605,-6.256876953764679,26.198312576401218,131.10586306231906,,,,
69.2,-4862.0103344952595,-179.6460322319255,115.20091811862645,128.36799864679992,-6.259752572119738,26.210324827769195,131.16595864181437,,,,
69.25,-4870.924774703335,-179.98708896841617,115.41084872232426,128.48562373566293,-6.265503808828684,26.234349330583306,131.28614980080675,,,,
69.3,-4875.385056604173,-180.1577340865223,115.51588631557755,128.5444362800982,-6.268379427183667,26.246361581975584,131.34624538030454,,,,
69.35,-4884.3117439994485,-180.4992578224562,115.72610608489289,128.66206136897634,-6.2741306638938275,26.27038608471695,131.46643653930053,,,,
69.4,-4888.778149493886,-180.67013644028393,115.83128826095495,128.7208739134078,-6.277006282248184,26.28239833612368,131.52653211879908,,,,
69.45,-4897.717084076362,-181.01212717566096,116.04179719588785,128.83849900227662,-6.282757518957958,26.306422838915676,131.64672327779937,,,,
69.5,-4902.1896131644,-181.18323929321025,116.14712395475868,128.89731154671694,-6.285633137313205,26.318435090279692,131.70681885729974,,,,
69.55,-4911.1407949340755,-181.52569702803044,116.35792205530913,129.01493663558117,-6.291384374022031,26.34245959308725,131.82701001630184,,,,
69.6,-4915.619447615713,-181.69704264530134,116.46339339698875,129.07374918001548,-6.294259992376911,26.35447184448443,131.88710559580457,,,,
69.65,-4924.582876572589,-182.0399673795647,116.67448066315674,129.19137426889392,-6.300011229087374,26.37849634722453,132.00729675481045,,,,
69.7,-4929.067652847827,-182.2115464965572,116.78009658764513,129.2501868133259,-6.302886847441753,26.390508598628607,132.0673923343139,,,,
69.75,-4938.043328991905,-182.55493823026376,116.99147301943067,129.3678119021933,-6.308638084151165,26.414533101427228,132.18758349332384,,,,
69.8,-4942.534228860743,-182.72675084697784,117.09723352672785,129.42662444663424,-6.311513702506611,26.42654535278875,132.24767907282921,,,,
69.85,-4947.027169927447,-182.89864129693245,117.20304222829459,129.48543699106966,-6.314389320861416,26.438557604175877,132.30777465233479,,,,
69.9,-4956.019175654456,-183.24265569656322,117.41480421423688,129.60306207993267,-6.320140557570184,26.462582106993036,132.42796581134843,,,,
69.95,-4960.518240314761,-183.41477964623937,117.5207574986124,129.66187462437279,-6.323016175925588,26.474594358361426,132.48806139085653,,,,
70.0,-4969.52249322897,-183.7592610453133,117.73280865017225,129.77949971324443,-6.328767412635291,26.49861886113171,132.6082525498725,,,,
70.05,-4974.027681482875,-183.93161849471107,117.83890651735655,129.8383122576742,-6.33164303098947,26.51063111254891,132.66834812938177,,,,
70.1,-4983.044181584284,-184.2765668932282,118.05124683453393,129.95593734655148,-6.337394267699946,26.53465561529822,132.78853928840232,,,,
70.15,-4987.555493431789,-184.44915784234755,118.157489284527,130.01474989098747,-6.340269886054848,26.54666786668229,132.84863486791266,,,,
70.2,-4996.584240720398,-184.79457324030784,118.37011876732194,130.13237497985,-6.346021122763555,26.57069236950167,132.9688260269359,,,,
70.25,-5001.101676161503,-184.9673976891488,118.4765058001238,130.1911875242894,-6.348896741118866,26.582704620873656,133.0289216064488,,,,
70.3,-5010.142670637312,-185.31328008655225,118.68942444853629,130.30881261316296,-6.35464797782871,26.606729123634775,133.1491127654744,,,,
70.35,-5014.666229672017,-185.48633803511478,118.7959560641469,130.36762515759236,-6.3575235961829,26.618741375052668,133.20920834498818,,,,
70.4,-5023.719471335026,-185.8326874319614,119.00916387817695,130.48525024646793,-6.363274832893241,26.642765877811698,133.32939950401854,,,,
70.45,-5028.249153963331,-186.0059788802455,119.11584007659636,130.5440627909058,-6.366150451248246,26.654778129186706,133.38949508353366,,,,
70.5,-5037.314642813541,-186.35279527653532,119.32933705624394,130.6616878797678,-6.371901687956887,26.678802632007127,133.5096862425661,,,,
70.55,-5041.850449035445,-186.52632022454102,119.43615783747211,130.72050042420483,-6.374777306312037,26.690814883390942,133.56978182208374,,,,
70.6,-5050.928185072857,-186.873603620274,119.64994398273724,130.8381255130814,-6.380528543022259,26.71483938613848,133.68997298111904,,,,
70.65,-5055.470114888362,-187.0473620680013,119.7569093467742,130.89693805751165,-6.383404161376457,26.72685163755142,133.7500685606374,,,,
70.7,-5060.014085901735,-187.22119834896912,119.86392290508074,130.95575060194395,-6.386279779730925,26.738863888958218,133.81016414015707,,,,
70.75,-5069.108151522079,-187.5691044106263,120.0780946045026,131.07337569082313,-6.392031016441626,26.762888391695896,133.93035529919715,,,,
70.8,-5073.658246129052,-187.7431741913157,120.18525274561792,131.1321882352565,-6.3949066347962535,26.774900643092884,133.99045087871747,,,,
70.85,-5082.764558936597,-188.09154725241604,120.39971361065733,131.2498133241213,-6.400657871505121,26.798925145903127,134.110642037761,,,,
70.9,-5087.320777137169,-188.26585053282702,120.50701633458142,131.30862586856253,-6.403533489860592,26.810937397264752,134.17073761728355,,,,
70.95,-5096.439337131913,-188.61469059337057,120.72176636523838,131.4262509574309,-6.409284726569996,26.834961900050914,134.29092877632888,,,,
71.0,-5101.001678926084,-188.78922737350314,120.82921367197125,131.48506350186153,-6.412160344924307,26.846974151464707,134.35102435585293,,,,
71.05,-5110.1324861080275,-189.1385344334899,121.04425286824576,131.60268859074043,-6.417911581634803,26.87099865420528,134.4712155149026,,,,
71.1,-5114.700951495799,-189.31330471334405,121.1518447577874,131.66150113517517,-6.420787199989448,26.883010905595587,134.53131109442756,,,,
71.15,-5123.844005864942,-189.66307877277393,121.36717311967946,131.77912622403827,-6.4265384366985225,26.907035408413048,134.65150225348015,,,,
71.2,-5128.418594846314,-189.83808255234965,121.47490959202987,131.8379387684788,-6.429414055053856,26.91904765977887,134.71159783300743,,,,
71.25,-5137.573896402657,-190.18832361122267,121.6905271195395,131.95556385734997,-6.435165291763281,26.943072162551374,134.831788992062,,,,
71.3,-5142.154608977628,-190.36356089052,121.79840817469868,132.0143764017796,-6.438040910117655,26.955084413969203,134.8918845715905,,,,
71.35,-5151.322157721172,-190.71426894883624,122.01431486782585,132.13200149065733,-6.443792146828106,26.97910891671652,135.01207573064954,,,,
71.4,-5155.908993889743,-190.88973972785513,122.12234050579382,132.1908140350935,-6.446667765182872,26.99112116809991,135.0721713101791,,,,
71.45,-5165.088789820488,-191.24091478561456,122.33853636453853,132.3084391239553,-6.452419001891671,27.015145670922294,135.19236246924052,,,,
71.5,-5169.681749582661,-191.41661906435507,122.44670658531527,132.3672516683943,-6.455294620246978,27.027157922296787,135.25245804877258,,,,
71.55,-5174.2767505427,-191.5924011763361,122.5549250003616,132.42606421283466,-6.458170238602245,27.039170173660082,135.3125536283043,,,,
71.6,-5183.4728760563785,-191.94419890001973,122.77150641326305,132.54368930169838,-6.463921475310977,27.063194676469788,135.43274478736905,,,,
71.65,-5188.074000610018,-192.1202145117223,122.87986941111816,132.60250184613227,-6.466797093665762,27.075206927869303,135.49284036690315,,,,
71.7,-5197.282373310896,-192.47247923484912,123.09673998963716,132.72012693501122,-6.472548330376321,27.09923143060724,135.61303152597156,,,,
71.75,-5201.8896214581355,-192.64872834627332,123.20524757030104,132.77893947944347,-6.475423948730739,27.111243682010063,135.67312710550618,,,,
71.8,-5211.110241346214,-193.00146006884327,123.42240731443759,132.89656456831065,-6.481175185440001,27.135268184809355,135.7933182645783,,,,
71.85,-5215.723613087053,-193.17794267998906,123.53105947791025,132.95537711275165,-6.4840508037954905,27.147280436170732,135.85341384411473,,,,
71.9,-5224.956480162332,-193.53114140200222,123.74850838766434,133.07300220161696,-6.489802040504551,27.17130493897232,135.97360500318842,,,,
71.95,-5229.575975496771,-193.7078575128696,123.85730513394579,133.1318147460497,-6.4926776588590025,27.18331719037696,136.0337005827269,,,,
72.0,-5238.82108975925,-194.0615232343259,124.07504320931743,133.24943983492872,-6.498428895569606,27.207341693115183,136.1538917418044,,,,
72.05,-5243.446708687289,-194.23847284491484,124.18398453840764,133.30825237936156,-6.501304513924168,27.21935394451517,136.21398732134347,,,,
72.1,-5252.704070136967,-194.59260556581432,124.40201177939683,133.42587746822798,-6.5070557506332785,27.24337844731801,136.33417848042444,,,,
72.15,-5257.335812658605,-194.76978867612485,124.51109769129582,133.48469001266898,-6.509931368988734,27.255390698679584,136.39427405996537,,,,
72.2,-5266.605421295482,-195.1243883964675,124.72941409790256,133.60231510153469,-6.515682605697775,27.27941520147896,136.5144652190479,,,,
72.25,-5271.243287410721,-195.30180500649965,124.83864459261032,133.6611276459673,-6.518558224052308,27.291427452884435,136.5745607985908,,,,
72.3,-5280.5251432347995,-195.6568717262855,125.05725016483461,133.77875273484642,-6.5243094607629635,27.315451955622144,136.69475195767714,,,,
72.35,-5285.169132943639,-195.8345218360392,125.16662524235115,133.8375652792794,-6.527185079117508,27.327464207021237,136.75484753722063,,,,
72.4,-5289.815163850345,-196.01224977903345,125.27604851413726,133.89637782370897,-6.530060697471654,27.339476458439208,136.814943116765,,,,
72.45,-5299.113349257357,-196.36793916474346,125.49503964051829,134.01400291258625,-6.535811934182044,27.36350096118872,136.93513427585577,,,,
72.5,-5303.765503757663,-196.5459006074593,125.60460749511319,134.0728154570225,-6.538687552536907,27.375513212571704,136.99522985540116,,,,
72.55,-5313.0759363518755,-196.9020569926125,125.82388778711176,134.19044054588468,-6.544438789245646,27.39953771539259,137.11542101449427,,,,
72.6,-5317.734214445782,-197.0802519350499,125.93360022451543,134.249253090324,-6.547314407601004,27.41154996676507,137.17551659404205,,,,
72.65,-5327.056894227194,-197.4368753196463,126.15316968213155,134.36687817919798,-6.5530656443108715,27.43557446952402,137.29570775313726,,,,
72.7,-5331.7212959147,-197.6153037618053,126.263026702344,134.4256907236273,-6.555941262664997,27.447586720942518,137.35580333268584,,,,
72.75,-5341.056222883312,-197.9723941458449,126.48288532557767,134.54331581250267,-6.56169249937532,27.471611223702606,137.47599449178557,,,,
72.8,-5345.7267481644185,-198.1510560877255,126.5928869285989,134.6021283569408,-6.564568117730399,27.483623475076207,137.53609007133528,,,,
72.85,-5355.073922320231,-198.50861347120824,126.81303471745012,134.71975344580258,-6.570319354438962,27.507647977897456,137.6562812304367,,,,
72.9,-5359.750571194937,-198.6875089128104,126.92318090328013,134.77856599023943,-6.573194972793996,27.519660229282145,137.7163768099888,,,,
72.95,-5369.247692005214,-199.05080068306893,127.14686101599135,134.8979208598351,-6.579030786514871,27.54403803353945,137.83833548613865,,,,
73.0,-5373.930524508752,-199.2299319136056,127.25715320210864,134.95673340426515,-6.581906404869116,27.556050284953134,137.8984310656913,,,,
73.05,-5383.302313109427,-199.58842787440062,127.477882157152,135.07435849313723,-6.587657641578767,27.580074787730013,138.01862222479974,,,,
73.1,-5387.9912692065645,-199.76779260465892,127.58831892607806,135.1331710375768,-6.590533259934069,27.592087039096803,138.07871780435383,,,,
73.15,-5392.682266501569,-199.94723516815773,127.69880388927372,135.19198358201015,-6.5934088782886695,27.60409929049402,138.1388133839083,,,,
73.2,-5402.070384685179,-200.306353794877,127.91991839847381,135.30960867087475,-6.599160114997693,27.62812379330525,138.25900454302004,,,,
73.25,-5406.767505573785,-200.4860298580974,128.03054794447823,135.3684212153161,-6.602035733353207,27.640136044665994,138.31910012257654,,,,
73.3,-5416.167870944593,-200.84561548425978,128.25195161929585,135.48604630418444,-6.607786970062497,27.664160547452347,138.4392912816898,,,,
73.35,-5420.871115426798,-201.02552504720177,128.36272574810909,135.544858848615,-6.610662588416765,27.67617279886688,138.49938686124787,,,,
73.4,-5430.283727984806,-201.38557767280733,128.58441858854428,135.6624839374941,-6.616413825127454,27.700197301606273,138.61957802036514,,,,
73.45,-5434.993096060611,-201.5657207354709,128.69533730016624,135.72129648192882,-6.619289443482229,27.712209552996615,138.67967359992386,,,,
73.5,-5444.4179558058195,-201.92624036051964,128.91731930621899,135.8389215707917,-6.6250406801908985,27.73623405581496,138.79986475904374,,,,
73.55,-5449.133447475224,-202.10661692290483,129.02838260064973,135.89773411523242,-6.627916298546295,27.74824630718008,138.8599603386047,,,,
73.6,-5458.570554407633,-202.46760354739678,129.25065377232002,136.0153592041029,-6.633667535255932,27.77227080995587,138.98015149772638,,,,
73.65,-5463.292169670637,-202.64821360950353,129.36186164955956,136.07417174853285,-6.636543153610159,27.784283061372534,139.04024707728843,,,,
73.7,-5472.741523790246,-203.0096672334386,129.5844219868474,136.19179683741132,-6.64229439032069,27.808307564115673,139.16043823641422,,,,
73.75,-5477.46926264685,-203.1905107952669,129.6957744468957,136.2506093818467,-6.645170008675445,27.820319815502817,139.22053381597712,,,,
73.8,-5486.930863953659,-203.55243141864514,129.91862394980112,136.36823447070884,-6.650921245384246,27.844344318324115,139.34072497510525,,,,
73.85,-5491.664726403864,-203.73350848019507,130.03012099265817,136.42704701514896,-6.653796863739654,27.856356569692636,139.40082055467045,,,,
73.9,-5501.138574897873,-204.09589610301649,130.25325966118112,136.54467210402154,-6.65954810044932,27.880381072458334,139.52101171380048,,,,
73.95,-5505.878560941677,-204.277206664288,130.364901286847,136.60348464845097,-6.662423718803501,27.892393323877016,139.58110729336659,,,,
74.0,-5510.620588183348,-204.45859505880006,130.47659110678245,136.66229719288683,-6.665299337158524,27.9044055752666,139.64120287293366,,,,
74.05,-5520.110766260293,-204.82160534754573,130.7001153294621,136.7799222817647,-6.671050573868891,27.928430078008688,139.76139403206784,,,,
74.1,-5524.858917095565,-205.00322724177937,130.81194973220633,136.8387348261953,-6.673926192223123,27.940442329419206,139.8214896116353,,,,
74.15,-5534.361342359709,-205.36670452996816,131.03576312050356,136.9563599150658,-6.679677428932806,27.964466832203684,139.94168077077344,,,,
74.2,-5539.115616788581,-205.54855992392334,131.14774210605654,137.01517245950586,-6.682553047288224,27.976479083568535,140.00177635034242,,,,
74.25,-5548.630289239925,-205.91250421155533,131.37184465997132,137.13279754836884,-6.688304283997063,28.000503586382422,140.12196750948178,,,,
74.3,-5553.3906872623975,-206.09459310523212,131.4839682283331,137.19161009280373,-6.69117990235165,28.012515837776867,140.18206308905295,,,,
74.35,-5563.057769578435,-206.46436570470095,131.71166126441764,137.31096496240139,-6.697015716072658,28.03689364202576,140.30402176524169,,,,
74.4,-5567.824351229738,-206.6466903873123,131.8239308330667,137.36977750683275,-6.699891334427095,28.04890589343271,140.36411734481325,,,,
74.45,-5577.363638125943,-207.01157325225657,132.04861455317362,137.48740259570053,-6.705642571136454,28.07293039622978,140.48430850395943,,,,
74.5,-5582.136343370846,-207.1941314345895,132.16102870463143,137.54621514014184,-6.708518189491804,28.084942647589237,140.5444040835326,,,,
74.55,-5591.687877454251,-207.5594812989769,132.38600159035587,137.66384022900698,-6.714269426200854,28.108967150391614,140.66459524267992,,,,
74.6,-5596.466706292754,-207.7422729810314,132.4985603246225,137.72265277343928,-6.717145044555539,28.120979401798596,140.72469082225516,,,,
74.65,-5606.030487563359,-208.10808984486198,132.7238223759645,137.84027786231886,-6.722896281265766,28.145003904534413,140.844881981406,,,,
74.7,-5610.815439995462,-208.29111502663807,132.8365256930399,137.89909040675198,-6.725771899620415,28.157016155932716,140.90497756098162,,,,
74.75,-5620.391468453267,-208.65739888991186,133.06207690999946,138.01671549561667,-6.731523136329649,28.181040658743598,141.02516872013553,,,,
74.8,-5625.18254447897,-208.84065757140954,133.1749248098836,138.07552804005823,-6.734398754684882,28.193052910103265,141.08526429971306,,,,
74.85,-5629.97566170254,-209.02399408614775,133.28782090403735,138.13434058449516,-6.737274373039902,28.20506516148278,141.14535987929048,,,,
74.9,-5639.56801974328,-209.39090061534577,133.51375767515364,138.25196567335672,-6.74302560974872,28.229089664306038,141.2655510384473,,,,
74.95,-5644.367260560451,-209.57447062980555,133.6267983521162,138.31077821779527,-6.74590122810388,28.241101915682606,141.32564661802704,,,,
75.0,-5653.971865788391,-209.94184415844668,133.85302428885,138.42840330667065,-6.751652464813857,28.2651264184353,141.44583777718603,,,,
75.05,-5658.777230199162,-210.12564767262805,133.96620954862132,138.48721585109993,-6.754528083168209,28.277138669852988,141.50593335676615,,,,
75.1,-5668.3940826143025,-210.49348820071236,134.1927246509727,138.60484093997448,-6.760279319878198,28.301163172617628,141.62612451592935,,,,
75.15,-5673.205570618673,-210.67752521461534,134.30605449355278,138.66365348441303,-6.763154938233286,28.3131754239893,141.68622009551075,,,,
75.2,-5682.834670221014,-211.04583274214286,134.5328587615217,138.78127857327476,-6.768906174942138,28.33719992681066,141.8064112546753,,,,
75.25,-5687.652281818984,-211.2301032557674,134.64633318691057,138.84009111771144,-6.7717817932971744,28.349212178196098,141.8665068342589,,,,
75.3,-5697.293628608525,-211.59887778273813,134.87342662049707,138.95771620658908,-6.7775330300071985,28.37323668093912,141.98669799342605,,,,
75.35,-5702.1173638000955,-211.78338179608426,134.98704562869472,139.01652875101922,-6.78040864836165,28.385248932351978,142.04679357301,,,,
75.4,-5711.912983312244,-212.1580556678232,135.21777352797554,139.1358836206094,-6.786244462081954,28.40962673664329,142.16875224922777,,,,
75.45,-5716.742902132646,-212.34279547010385,135.33153853646044,139.19469616504898,-6.789120080436982,28.421638988010166,142.22884782881312,,,,
75.5,-5726.408863367049,-212.71250857438676,135.55921313623907,139.31232125391145,-6.794871317145966,28.445663490827165,142.34903898798535,,,,
75.55,-5731.24490578105,-212.89748187638904,135.67312272753276,139.37113379834733,-6.797746935500918,28.4576757422166,142.40913456757292,,,,
75.6,-5736.082989392918,-213.08253301163182,135.78708051309607,139.4299463427889,-6.800622553856193,28.46968799357614,142.4692301471605,,,,
75.65,-5745.765280210253,-213.452868781839,136.01514066703143,139.54757143165597,-6.806373790565455,28.493712496368587,142.5894213063358,,,,
75.7,-5750.609487415721,-213.6381534168034,136.12924303540348,139.60638397608687,-6.809249408920043,28.505724747781777,142.64951688592492,,,,
75.75,-5760.304025420258,-214.00895618645373,136.35759235495638,139.72400906496676,-6.815000645630306,28.52974925051707,142.769708045104,,,,
75.8,-5765.1543562193265,-214.1944743211397,136.4718393061372,139.78282160940128,-6.817876263984975,28.54176150190858,142.82980362469362,,,,
75.85,-5774.861141411064,-214.56574409023318,136.7004777913077,139.9004466982635,-6.823627500694107,28.56578600473022,142.94999478387516,,,,
75.9,-5779.717595803732,-214.7514957246407,136.8148693252973,139.95925924270435,-6.826503119049313,28.577798256094795,143.0100903634669,,,,
75.95,-5789.43662818267,-215.1232324931774,137.0437969760853,140.07688433157605,-6.832254355759002,28.60182275886455,143.13028152264994,,,,
76.0,-5794.299206168938,-215.30921762730654,137.1583330928837,140.13569687600517,-6.835129974113386,28.613835010284788,143.19037710224256,,,,
76.05,-5804.030485735076,-215.68142139528638,137.38754990928925,140.25332196488284,-6.84088121082345,28.637859513032513,143.3105682614296,,,,
76.1,-5808.899187314944,-215.8676400291371,137.50223060889638,140.31213450931978,-6.843756829178496,28.64987176441217,143.37066384102306,,,,
76.15,-5818.642714068282,-216.24031079656015,137.7317365909195,140.42975959818105,-6.849508065887271,28.67389626723682,143.4908550002119,,,,
76.2,-5823.5175392417505,-216.42676293013244,137.84656187333542,140.4885721426196,-6.852383684242453,28.685908518613324,143.55095057980756,,,,
76.25,-5833.273313182288,-216.7999006969986,138.07635702097608,140.60619723149503,-6.85813492095236,28.709933021365877,143.67114173899844,,,,
76.3,-5838.154261949357,-216.98658633029248,138.1913268862008,140.66500977592423,-6.861010539306751,28.7219452727841,143.73123731859454,,,,
76.35,-5847.922283077094,-217.36019109660185,138.421411199459,140.78263486479878,-6.86676177601674,28.745969775548666,143.85142847778948,,,,
76.4,-5852.809355437763,-217.54711022961732,138.53652564749248,140.84144740923736,-6.869637394371694,28.75798202692009,143.91152405738669,,,,
76.45,-5857.698468996298,-217.73410719587332,138.65168828979554,140.90025995366963,-6.872513012726353,28.769994278322734,143.97161963698434,,,,
76.5,-5867.482819706969,-218.10833462810695,138.88215815721048,141.01788504253568,-6.878264249435599,28.794018781127377,144.09181079618227,,,,
76.55,-5872.378056859105,-218.29556509408454,138.99746538232236,141.0766975869774,-6.881139867790887,28.806031032485983,144.15190637578164,,,,
76.6,-5882.174654756976,-218.67025952576134,139.22822441535482,141.1943226758435,-6.8868911045001795,28.830055535283158,144.27209753498065,,,,
76.65,-5887.076015502713,-218.8577234914605,139.34367622327545,141.25313522027508,-6.88976672285469,28.84206778669336,144.33219311458163,,,,
76.7,-5896.884860587785,-219.23288492258038,139.5747244219255,141.3707603091549,-6.8955179595651055,28.86609228942819,144.4523842737841,,,,
76.75,-5901.79234492712,-219.42058238800115,139.69032081265487,141.42957285358855,-6.898393577919727,28.878104540823912,144.5124798533855,,,,
76.8,-5911.613437199391,-219.79621081856425,139.92165817692248,141.5471979424523,-6.904144814628879,28.902129043638936,144.63267101259072,,,,
76.85,-5916.527045132327,-219.98414178370658,140.03739915046066,141.60601048689392,-6.907020432984129,28.914141294999038,144.69276659219403,,,,
76.9,-5926.360384591798,-220.36023721371288,140.26902568034578,141.72363557576287,-6.912771669693693,28.938165797782087,144.81295775140043,,,,
76.95,-5931.280116118333,-220.54840167857682,140.38491123669274,141.7824481201928,-6.915647288048005,28.950178049199337,144.8730533310049,,,,
77.0,-5941.1257027650045,-220.9249641080263,140.61682693219544,141.90007320907182,-6.921398524758414,28.974202551939364,144.99324449021503,,,,
77.05,-5946.05155788514,-221.1133620726118,140.73285707135116,141.9588857535066,-6.924274143113089,28.986214803329602,145.05334006982014,,,,
77.1,-5955.909391719011,-221.4903915015044,140.9650619324714,142.07651084236957,-6.930025379822219,29.010239306147504,145.17353122903253,,,,
77.15,-5960.841370432747,-221.6790229658115,141.08123665443588,142.1353233868107,-6.932900998177438,29.022251557510323,145.23362680863963,,,,
77.2,-5970.711451453818,-222.05651939414727,141.3137306811737,142.25294847568105,-6.938652234887107,29.04627606028681,145.3538179678534,,,,
77.25,-5975.649553761154,-222.24538435817598,141.43004998594697,142.31176102011045,-6.941527853241347,29.058288311706203,145.41391354746148,,,,
77.3,-5980.589697266356,-222.4343271554452,141.54641748498983,142.37057356454733,-6.9444034715963525,29.070300563090576,145.47400912707027,,,,
77.35,-5990.4761078703605,-222.81244624970523,141.77929706588435,142.4881986534249,-6.950154708306474,29.09432506583387,145.5942002862878,,,,
77.4,-5995.422374969163,-223.00162254669604,141.895809147736,142.54701119785474,-6.9530303266609215,29.106337317248215,145.6542958658969,,,,
77.45,-6005.321032760368,-223.38020864039925,142.12897789424807,142.66463628672642,-6.958781563370581,29.130361820027126,145.77448702511813,,,,
77.5,-6010.273423452772,-223.56961843711161,142.2456345589085,142.72344883116648,-6.96165718172583,29.14237407139179,145.83458260472858,,,,
77.55,-6020.184328431178,-223.94867153025797,142.47909247103811,142.84107392002886,-6.967408418434708,29.16639857420897,145.95477376395073,,,,
77.6,-6025.142842717181,-224.13831482669192,142.5958937185073,142.89988646446383,-6.970284036789614,29.178410825602768,146.0148693435632,,,,
77.65,-6035.065994882788,-224.51783491928146,142.8296407962545,143.01751155334298,-6.976035273499819,29.202435328339334,146.13506050278812,,,,
77.7,-6040.030632762391,-224.70771171543703,142.94658662653245,143.07632409777412,-6.978910891854373,29.2144475797472,146.1951560824008,,,,
77.75,-6049.966032115198,-225.08769880746974,143.18062286989715,143.19394918664236,-6.984662128563759,29.23847208254218,146.31534724162913,,,,
77.8,-6054.936793588401,-225.2778091033469,143.2977132829839,143.25276173108364,-6.98753774691911,29.250484333901674,146.3754428212433,,,,
77.85,-6064.884440128407,-225.6582631948228,143.53203869196616,143.37038681994784,-6.9932889836281396,29.274508836708875,146.49563398047243,,,,
77.9,-6069.861325195209,-225.8486069904215,143.6492736878617,143.42919936438082,-6.996164601982881,29.286521088112607,146.5557295600885,,,,
77.95,-6079.821218922414,-226.22952808134053,143.88388826246148,143.54682445326074,-7.00191583869319,29.310545590846125,146.67592071932077,,,,
78.0,-6084.804227582817,-226.42010537666084,144.00126784116577,143.60563699769335,-7.0047914570477685,29.322557842247214,146.7360162989371,,,,
78.05,-6094.7763684972215,-226.80149346702305,144.23617158138316,143.7232620865587,-7.010542693757082,29.34658234505518,146.85620745817226,,,,
78.1,-6099.765500751224,-226.99230426206495,144.3536957428962,143.78207463100037,-7.013418312112311,29.35859459641391,146.91630303779024,,,,
78.15,-6104.756674203093,-227.18319289034739,144.47126809867888,143.84088717543642,-7.016293930467201,29.37060684779763,146.97639861740808,,,,
78.2,-6114.745144700431,-227.56520364663385,144.70655739305298,143.95851226429838,-7.0220451671761515,29.39463135061991,147.0965897766459,,,,
78.25,-6119.742441745901,-227.75632577463787,144.8242743316444,144.0173248087384,-7.024920785531338,29.406643601988577,147.15668535626583,,,,
78.3,-6129.74315943044,-228.1388035303675,145.05985279163605,144.13494989761142,-7.030672022241155,29.43066810475228,147.27687651550517,,,,
78.35,-6134.74658006951,-228.3301591580931,145.17771431303626,144.19376244204028,-7.033547640595483,29.442680356173263,147.33697209512573,,,,
78.4,-6144.75954494125,-228.71310391326585,145.41358193864545,144.3113875309173,-7.039298877305679,29.466704858924707,147.4571632543689,,,,
78.45,-6149.76908917392,-228.90469304071306,145.53158804285445,144.37020007535452,-7.042174495660627,29.47871711030284,147.5172588339903,,,,
78.5,-6159.794301232861,-229.28810479532902,145.76774483408118,144.48782516421593,-7.0479257323695315,29.502741613126894,147.63744999323498,,,,
78.55,-6164.809969059131,-229.47992742249778,145.88589552109894,144.54663770865469,-7.050801350724662,29.51475386450229,147.69754557285847,,,,
78.6,-6174.847428305271,-229.86380617655692,146.12234147794325,144.66426279752983,-7.056552587434526,29.5387783672562,147.81773673210492,,,,
78.65,-6179.869219725141,-230.0558623034473,146.24063674776977,144.72307534195878,-7.059428205788931,29.55079061867587,147.8778323117288,,,,
78.7,-6189.918926158482,-230.44020805694961,146.47737187023162,144.8407004308343,-7.0651794424988585,29.574815121435563,147.9980234709791,,,,
78.75,-6194.946841171952,-230.63249768356155,146.59581172286696,144.89951297527222,-7.068055060853962,29.586827372810134,148.05811905060395,,,,
78.8,-6205.008794792492,-231.017310436507,146.83283601094632,145.0171380641335,-7.073806297562782,29.610851875634182,148.17831020985543,,,,
78.85,-6210.042833399562,-231.20983356284052,146.95142044639044,145.07595060857122,-7.076681915917886,29.622864127014473,148.23840578948236,,,,
78.9,-6220.117034207303,-231.59511331522916,147.18873390008739,145.1935756974482,-7.082433152627904,29.646888629760042,148.35859694873588,,,,
78.95,-6225.157196407973,-231.78786994128427,147.30746291834024,145.2523882418776,-7.08530877098234,29.6589008811768,148.41869252836307,,,,
79.0,-6230.19939980651,-231.98070440057992,147.42624013086268,145.31120078630968,-7.088184389336863,29.670913132584793,148.4787881079915,,,,
79.05,-6240.289930197182,-232.36660681889282,147.66393913871636,145.42882587519006,-7.093935626047285,29.69493763531667,148.59897926724867,,,,
79.1,-6245.338257189318,-232.55967477791006,147.7828609340476,145.48763841962338,-7.0968112444019456,29.70694988671393,148.65907484687733,,,,
79.15,-6255.441034767191,-232.9460441956661,148.0208491075188,145.60526350848707,-7.102562481110986,29.73097438952953,148.7792660061371,,,,
79.2,-6260.495485352928,-233.1393456544049,148.1399154856588,145.66407605292886,-7.105438099466349,29.742986640888603,148.8393615857676,,,,
79.25,-6270.610510118002,-233.5261820716041,148.3781928247476,145.78170114179738,-7.11118933617581,29.76701114367396,148.95955274502833,,,,
79.3,-6275.671084297339,-233.7197170300645,148.49740378569635,145.84051368622733,-7.114064954530151,29.77902339509124,149.01964832465995,,,,
79.35,-6285.798356249613,-234.10702044670685,148.73597029040266,145.95813877510693,-7.119816191240576,29.803047897828186,149.13983948392416,,,,
79.4,-6290.86505402255,-234.30078890488886,148.85532583416023,146.01695131954182,-7.122691809595285,29.81506014921773,149.1999350635562,,,,
79.45,-6301.004573162024,-234.68855932097443,149.09418150448408,146.13457640840394,-7.128443046304285,29.839084652039944,149.32012622282255,,,,
79.5,-6306.077394528561,-234.882561278878,149.21368163105043,146.19338895284486,-7.13131866465954,29.85109690340402,149.38022180245656,,,,
79.55,-6316.229160855235,-235.27079869440678,149.45282646699187,146.31101404171656,-7.137069901369276,29.875121406174074,149.50041296172412,,,,
79.6,-6321.308105815372,-235.4650341520319,149.57247117636695,146.3698265861455,-7.139945519723528,29.887133657594937,149.56050854135884,,,,
79.65,-6331.472119329246,-235.8537385670038,149.81190517792592,146.48745167502372,-7.145696756433807,29.911158160340044,149.68069970063007,,,,
79.7,-6336.557187882983,-236.04820752435054,149.9316944701098,146.5462642194602,-7.148572374788704,29.923170411721788,149.74079528026547,,,,
79.75,-6346.733448584057,-236.4373789387656,150.1714176372863,146.66388930832136,-7.154323611497528,29.947194914547346,149.86098643953824,,,,
79.8,-6351.8246407313945,-236.63208139583392,150.29135151227896,146.7227018527608,-7.157199229852769,29.95920716591958,149.92108201917577,,,,
79.85,-6356.917874076598,-236.8268616861428,150.41133358154121,146.7815143972015,-7.160074848208005,29.971219417281198,149.98117759881282,,,,
79.9,-6367.110464360606,-237.2166557664821,150.65144230287447,146.89913948606414,-7.165826084916998,29.995243920096375,150.10136875808792,,,,
79.95,-6372.20982129941,-237.41166955651255,150.77156895494548,146.95795203049803,-7.168701703271624,30.00725617149592,150.16146433772693,,,,
80.0,-6382.414658770618,-237.80193063629503,151.01196684189628,147.07557711937824,-7.174452939982181,30.031280674227773,150.2816554970048,,,,
80.05,-6387.520139303023,-237.99717792604704,151.13223807677608,147.13438966381028,-7.17732855833658,30.043292925631427,150.34175107664396,,,,
80.1,-6397.737223961432,-238.38790600527267,151.37292512934445,147.252014752676,-7.183079795045967,30.067317428437946,150.46194223592474,,,,
80.15,-6402.999200285748,-238.58913740800216,151.49688331831427,147.31255707783666,-7.186039990411823,30.079682981306057,150.5238053326136,,,,
80.2,-6413.2286522018185,-238.9803370650969,151.73786237145723,147.43018216670222,-7.191791227120749,30.103707484106184,150.64399649189517,,,,
80.25,-6418.346439956654,-239.17605364350507,151.85842418943307,147.48899471113418,-7.194666845475444,30.11571973551474,150.70409207153742,,,,
80.3,-6428.588139059924,-239.567720300043,152.09969240819353,147.60661980001424,-7.200418082185962,30.139744238248312,150.82428323082212,,,,
80.35,-6433.71205040836,-239.76367037817275,152.22039880897816,147.66543234444717,-7.203293700540372,30.151756489647486,150.88437881046448,,,,
80.4,-6443.96599669883,-240.15580403415382,152.4619561933562,147.78305743331185,-7.209044937249665,30.175780992458414,151.00456996975174,,,,
80.45,-6449.0960316408655,-240.35198761200513,152.58280717694961,147.84186997775373,-7.211920555605133,30.187793243816497,151.0646655493958,,,,
80.5,-6459.362225118536,-240.74458826742935,152.8246537269452,147.95949506662052,-7.217671792314142,30.211817746610183,151.1848567086838,,,,
80.55,-6464.498383654171,-240.94100534500225,152.94564929334737,148.01830761105185,-7.220547410668592,30.223829998021714,151.24495228832927,,,,
80.6,-6474.776824319042,-241.33407299986968,153.18778500896053,148.13593269993152,-7.226298647379336,30.24785450075691,151.36514344762045,,,,
80.65,-6479.9191064482775,-241.53072357716417,153.30892515817146,148.19474524436475,-7.229174265733895,30.259866752154863,151.42523902726614,,,,
80.7,-6485.0634297753795,-241.7274519876992,153.43011350165202,148.2535577887937,-7.232049884087958,30.271879003575734,151.48533460691255,,,,
80.75,-6495.358200023184,-242.12114230849087,153.67263477142188,148.3711828776712,-7.237801120798391,30.295903506324393,151.60552576620717,,,,
80.8,-6500.508646943886,-242.3181042187475,153.79396769771122,148.429995422108,-7.240676739153339,30.307915757704503,151.66562134585422,,,,
80.85,-6510.81566437889,-242.71226153898232,154.03677813309864,148.5476205109692,-7.246427975861881,30.331940260529862,151.78581250515023,,,,
80.9,-6515.972234893193,-242.9094569489605,154.1582556421967,148.60643305540847,-7.249303594217221,30.3439525119027,151.84590808479936,,,,
80.95,-6526.291499515399,-243.30408126863844,154.4013552432017,148.72405814428296,-7.25505483092731,30.36797701465943,151.96609924409688,,,,
81.0,-6531.454193623302,-243.50151017833824,154.52297733510855,148.78287068871174,-7.2579304492813765,30.379989266080337,152.02619482374635,,,,
81.05,-6541.785705432708,-243.8966014974594,154.76636610173108,148.90049577758816,-7.263681685991619,30.404013768835412,152.14638598304757,,,,
81.1,-6546.954523134211,-244.09426390688074,154.88813277644675,148.9593083220261,-7.266557304346699,30.416026020209713,152.20648156269777,,,,
81.15,-6557.298282130817,-244.4898222254451,155.1318107086868,149.07693341088685,-7.272308541055208,30.440050523036547,152.32667272200004,,,,
81.2,-6562.47322342592,-244.68771813458807,155.25372196621123,149.13574595532427,-7.275184159410378,30.452062774418508,152.38676830165235,,,,
81.25,-6572.829229609726,-245.08374345259557,155.49768906406885,149.25337104420208,-7.280935396120758,30.476087277159984,152.50695946095647,,,,
81.3,-6578.010294498429,-245.2818728614601,155.61974490440204,149.31218358863168,-7.283811014474889,30.488099528575745,152.56705504060886,,,,
81.35,-6588.3785478694335,-245.67836517891075,155.8640011678772,149.42980867750322,-7.2895622511847,30.51212403135522,152.6872461999165,,,,
81.4,-6593.565736351736,-245.87672808749687,155.98620159101918,149.48862122194348,-7.292437869540078,30.52413628271899,152.74734177957006,,,,
81.45,-6603.94623690994,-246.2736874043907,156.23074702011192,149.60624631080546,-7.298189106248723,30.548160785538045,152.8675329388783,,,,
81.5,-6609.139548985842,-246.47228381269844,156.35309202606268,149.66505885524043,-7.30106472460349,30.560173036932046,152.92762851853377,,,,
81.55,-6614.334902259611,-246.67095805424668,156.47548522628298,149.72387139968242,-7.303940342959056,30.57218528828989,152.98772409818926,,,,
81.6,-6624.731732400749,-247.06854003706476,156.72041620953246,149.84149648855097,-7.309691579668345,30.59620979107524,153.1079152575,,,,
81.65,-6629.933209268118,-247.2674477783346,156.84295399256158,149.9003090329808,-7.31256719802263,30.608222042493217,153.16801083715657,,,,
81.7,-6640.342286596457,-247.66549676059583,157.08817414142857,150.01793412186058,-7.318318434733339,30.632246545229158,153.28820199647055,,,,
81.75,-6645.5498870574265,-247.86463800158722,157.21085650726647,150.07674666629552,-7.321194053088025,30.644258796618608,153.3482975761275,,,,
81.8,-6655.971211572966,-248.26315398329163,157.45636582175104,150.1943717551574,-7.3269452897967735,30.66828329944184,153.4684887354434,,,,
81.85,-6661.184935627536,-248.4625287240046,157.5791927703977,150.2531842995985,-7.329820908152305,30.680295550805248,153.52858431510225,,,,
81.9,-6671.618507330276,-248.8615117051522,157.8249912504998,150.3708093884702,-7.335572144861923,30.704320053574975,153.64877547441918,,,,
81.95,-6676.838354978446,-249.0611199455868,157.94796278195523,150.429621932899,-7.338447763215978,30.716332304996673,153.7088710540786,,,,
82.0,-6687.284173868386,-249.46056992617756,158.19405042767488,150.54724702177742,-7.344198999926618,30.740356807740866,153.8290622133991,,,,
82.05,-6692.5101451101555,-249.66041166633374,158.3171665419391,150.60605956621396,-7.347074618281606,30.75236905912243,153.88915779305916,,,,
82.1,-6702.968211187295,-250.06032864636768,158.5635433532763,150.72368465507452,-7.352825854990036,30.776393561950925,154.00934895238098,,,,
82.15,-6708.200306022665,-250.2604038862454,158.68680405034928,150.7824971995136,-7.355701473345191,30.788405813324424,154.06944453204292,,,,
82.2,-6718.670619287005,-250.66078786572248,158.93347002730403,150.9001222883894,-7.361452710055405,30.812430316075158,154.18963569136628,,,,
82.25,-6723.908837715975,-250.86109660532182,159.05687530718578,150.95893483281813,-7.364328328409488,30.82444256749578,154.24973127102845,,,,
82.3,-6734.391398167515,-251.26194758424208,159.3038304497581,151.07655992169282,-7.37007956511972,30.848467070259566,154.36992243035533,,,,
82.35,-6739.635740190085,-251.462489823563,159.4273803124486,151.13537246613163,-7.372955183474869,30.86047932162993,154.43001801001841,,,,
82.4,-6744.882123410522,-251.66310989612447,159.55097836940874,151.19418501056364,-7.375830801829259,30.87249157303369,154.49011358968184,,,,
82.45,-6755.381013444995,-252.06458354096898,159.7983190661378,151.31181009942995,-7.381582038538443,30.896516075837454,154.61030474901116,,,,
82.5,-6760.633520259031,-252.26543711325203,159.92206170590669,151.3706226438718,-7.384457656894039,30.908528327194713,154.67040032867598,,,,
82.55,-6771.144657480702,-252.6673777575397,160.16969156825326,151.4882477327368,-7.390208893603072,30.932552829997704,154.7905914880059,,,,
82.6,-6776.403287888339,-252.8684648295443,160.29357879083094,151.54706027716892,-7.393084511957438,30.94456508140565,154.85068706767228,,,,
82.65,-6786.9266722972125,-253.27087247327512,160.54149781879508,151.66468536604913,-7.398835748668177,30.968589584137966,154.97087822700504,,,,
82.7,-6792.191426298449,-253.47219304500135,160.66552962418154,151.7234979104818,-7.401711367022729,30.980601835538486,155.03097380667148,,,,
82.75,-6802.727057894523,-253.87506768817536,160.9137378177632,151.84112299934665,-7.407462603731661,31.00462633834897,155.15116496600677,,,,
82.8,-6807.997935489359,-254.07662175962315,161.03791420595843,151.89993554378887,-7.41033822208726,31.016638589705178,155.21126054567475,,,,
82.85,-6818.545814272633,-254.47996340224034,161.2864115651577,152.01756063265594,-7.416089458796444,31.040663092497724,155.33145170501064,,,,
82.9,-6823.82281546107,-254.68175097340975,161.41073253616167,152.0763731770861,-7.418965077150689,31.052675343914164,155.39154728467977,,,,
82.95,-6834.382941431543,-255.0855596154701,161.65951906097845,152.19399826596663,-7.424716313861503,31.07669984664667,155.5117384440189,,,,
83.0,-6839.66606621358,-255.28758068636105,161.78398461479125,152.25281081040126,-7.427591932216229,31.08871209803757,155.57183402368833,,,,
83.05,-6850.238439371254,-255.69185632786454,162.03306030522558,152.37043589926296,-7.433343168924856,31.112736600861588,155.6920251830292,,,,
83.1,-6855.5276877468905,-255.8941108984771,162.15767044184713,152.4292484437042,-7.436218787280364,31.124748852223945,155.75212076270043,,,,
83.15,-6866.112308091764,-256.2988535394238,162.40703529789903,152.54687353257555,-7.441970023989915,31.148773354995804,155.87231192204234,,,,
83.2,-6871.407680061001,-256.50134160975796,162.53179001732934,152.60568607700432,-7.444845642344085,31.16078560641786,155.9324075017142,,,,
83.25,-6876.7050932281045,-256.70390751333264,162.65659293102928,152.66449862144086,-7.447721260699206,31.172797857804255,155.99250308138693,,,,
83.3,-6887.3060431559115,-257.10927282020356,162.90634334123789,152.7821237103194,-7.453472497409531,31.196822360542647,156.11269424073188,,,,
83.35,-6892.609579916615,-257.31207222349985,163.03129083774658,152.84093625474924,-7.456348115763661,31.208834611956984,156.17278982040455,,,,
83.4,-6903.222777031622,-257.7179045298139,163.28133041357276,152.95856134361998,-7.4620993524735635,31.23285911474041,156.29298097975277,,,,
83.45,-6908.532437385927,-257.9209374328317,163.40642249289021,153.01737388806077,-7.4649749708289,31.244871366101663,156.35307655942663,,,,
83.5,-6919.157881688136,-258.32723673858897,163.65675123433394,153.13499897692301,-7.470726207537473,31.268895868919067,156.47326771877522,,,,
83.55,-6924.47366563604,-258.5305031413284,163.78198789646018,153.19381152135745,-7.473601825892286,31.280908120315722,156.53336329845087,,,,
83.6,-6935.111357125449,-258.93726944652883,164.03260580352142,153.31143661023745,-7.479353062603012,31.30493262304807,156.65355445780187,,,,
83.65,-6940.433264666954,-259.14076934898986,164.15798704845648,153.3702491546688,-7.482228680957352,31.3169448744554,156.7136500374776,,,,
83.7,-6951.083203343561,-259.54800265363343,164.40889412113526,153.4878742435359,-7.48797991766662,31.340969377255462,156.83384119683143,,,,
83.75,-6956.4112344786645,-259.7517360558161,164.53441994887905,153.54668678797782,-7.490855536022142,31.35298162861202,156.89393677650835,,,,
83.8,-6967.073420342472,-260.1594363599029,164.78561618717544,153.6643118768423,-7.496606772730989,31.377006131417822,157.01412793586266,,,,
83.85,-6972.407575071175,-260.36340326180704,164.91128659772798,153.72312442127455,-7.499482391085574,31.389018382825128,157.07422351554118,,,,
83.9,-6983.082008122183,-260.77157056533696,165.16277200164188,153.84074951015484,-7.505233627796289,31.413042885557246,157.19441467489827,,,,
83.95,-6988.422286444486,-260.9757709669627,165.28858699500324,153.8995620545872,-7.508109246150712,31.425055136959017,157.25451025457676,,,,
84.0,-6999.108966682694,-261.3844052699358,165.5403615645347,154.01718714345282,-7.513860482859862,31.449079639765827,157.37470141393624,,,,
84.05,-7004.4553685985975,-261.5888391712832,165.66632114070484,154.07599968789492,-7.5167361012154625,31.46109189112204,157.43479699361617,,,,
84.1,-7009.803811712368,-261.7933509058711,165.79232891114452,154.134812232331,-7.519611719570347,31.473104142505825,157.49489257329603,,,,
84.15,-7020.506821533509,-262.20260787476843,166.0444890348327,154.25243732119176,-7.525362956278848,31.4971286453338,157.6150837326575,,,,
84.2,-7025.861388240879,-262.4073531090779,166.1706413880812,154.3112498656318,-7.528238574634246,31.509140896702945,157.67517931233925,,,,
84.25,-7036.7342834762685,-262.8231047527719,166.42680460525935,154.43060473522448,-7.534074388354547,31.533518700973296,157.79713798875133,,,,
84.3,-7042.09503381247,-263.02808577601587,166.55310295879514,154.48941727965303,-7.536950006708631,31.545530952395517,157.85723356843334,,,,
84.35,-7052.822658078476,-263.43828132222546,166.80584424867547,154.60704236853036,-7.542701243419159,31.56955545514522,157.97742472779936,,,,
84.4,-7058.189532008279,-263.64349584519107,166.93228718502002,154.6658549129671,-7.545576861774056,31.581567706525934,158.03752030748208,,,,
84.45,-7068.929403461484,-264.05415839084384,167.1853176405179,154.78348000182837,-7.551328098482582,31.605592209351215,158.15771146684924,,,,
84.5,-7074.302400984887,-264.25960641353106,167.31190515967123,154.8422925462683,-7.554203716838018,31.617604460720372,158.21780704653378,,,,
84.55,-7085.054519625292,-264.670735958627,167.56522478078665,154.9599176351417,-7.559954953548017,31.641628963482447,158.33799820590212,,,,
84.6,-7090.433640742295,-264.8764174810358,167.69195688274877,155.0187301795703,-7.562830571902061,31.653641214904674,158.39809378558704,,,,
84.65,-7101.198006569901,-265.2880140255749,167.94556566948174,155.13635526844814,-7.568581808612364,31.67766571765179,158.51828494495865,,,,
84.7,-7106.583251280504,-265.49392904770525,168.07244235425262,155.19516781288507,-7.57145742696736,31.68967796903143,158.5783805246442,,,,
84.75,-7117.359864295309,-265.9059925916875,168.32634030660316,155.31279290174587,-7.577208663675925,31.71370247185886,158.69857168401697,,,,
84.8,-7122.751232599511,-266.11214111353945,168.4533615741828,155.37160544618527,-7.580084282031298,31.725714723230922,158.75866726370435,,,,
84.85,-7128.14464210158,-266.3183674686319,168.58043103603205,155.43041799062615,-7.582959900386701,31.73772697459161,158.81876284339126,,,,
84.9,-7138.937584699317,-266.73105367853844,168.83471454253933,155.54804307948848,-7.588711137095321,31.76175147740893,158.938954002766,,,,
84.95,-7144.337117794986,-266.9375135333525,168.96192858719735,155.60685562392294,-7.591586755450067,31.773763728805385,158.99904958245466,,,,
85.0,-7155.142307579923,-267.3506667427022,169.21650125932217,155.72448071280266,-7.597337992160817,31.797788231538938,159.11924074183165,,,,
85.05,-7160.547964269192,-267.55736009723785,169.34385988678895,155.7832932572336,-7.600213610515149,31.809800482948113,159.17933632152028,,,,
85.1,-7171.365401241329,-267.9709803060307,169.5987217245313,155.90091834610234,-7.605964847224456,31.83382498574057,159.2995274809001,,,,
85.15,-7176.777181524199,-268.17790716028793,169.72622493480685,155.9597308905435,-7.608840465579962,31.845837237100447,159.35962306058988,,,,
85.2,-7187.606865683538,-268.59199436852396,169.98137593816676,156.0773559794063,-7.614591702288744,31.869861739915272,159.47981421997017,,,,
85.25,-7193.024769560007,-268.79915472250275,170.1090237312511,156.136168523841,-7.6174673206434615,31.881873991310755,159.53990979966161,,,,
85.3,-7203.866700906547,-269.21370893018195,170.36446390022857,156.25379361271985,-7.623218557353974,31.905898494048248,159.6601009590441,,,,
85.35,-7209.290728376616,-269.42110278388236,170.49225627612168,156.31260615715016,-7.626094175708187,31.91791074546024,159.72019653873542,,,,
85.4,-7220.1449069103555,-269.83612399100474,170.7479856107167,156.430231246021,-7.631845412418026,31.941935248242892,159.84038769812088,,,,
85.45,-7225.575057974025,-270.0437513444267,170.87592256941858,156.48904379046158,-7.634721030773369,31.95394749960522,159.90048327781332,,,,
85.5,-7236.4414836949645,-270.45923955099227,171.13194106963113,156.60666887932334,-7.640472267481899,31.977972002425638,160.0206744371992,,,,
85.55,-7241.877758352234,-270.66710040413585,171.2600226111418,156.66548142375828,-7.643347885836714,31.98998425381952,160.08077001689333,,,,
85.6,-7252.756431260374,-271.0830556101445,171.5163302769719,156.78310651263826,-7.64909912254752,32.01400875655162,160.2009611762813,,,,
85.65,-7258.198829511243,-271.2911499630097,171.64455640129137,156.84191905706913,-7.6519747409018635,32.02602100796108,160.26105675597546,,,,
85.7,-7263.64326895998,-271.49932214911536,171.77283071988037,156.90073160149842,-7.654850359255927,32.03803325938165,160.32115233567058,,,,
85.75,-7274.538271451052,-271.9159000210483,172.02952393986723,157.01835669037868,-7.660601595966549,32.062057762115884,160.44134349506166,,,,
85.8,-7279.988834493389,-272.1243057068756,172.15794284126503,157.07716923481408,-7.663477214321391,32.07407001350278,160.50143907475697,,,,
85.85,-7290.896084171662,-272.54135057825175,172.41492522686943,157.19479432367493,-7.66922845102997,32.09809451633064,160.62163023414948,,,,
85.9,-7296.352770807598,-272.7499897638006,172.54348871107604,157.25360686811564,-7.672104069385464,32.11010676769616,160.68172581384664,,,,
85.95,-7307.27226767307,-273.1675016346199,172.80076026229796,157.37123195698862,-7.677855306095265,32.134131270459996,160.8019169732401,,,,
86.0,-7312.735077902606,-273.3763743198903,172.92946832931332,157.43004450141694,-7.680730924449263,32.1461435218837,160.86201255293759,,,,
86.05,-7323.827643815332,-273.8005022611227,173.19081814207718,157.54939937101366,-7.686566738170283,32.170521326141326,160.98397122938428,,,,
86.1,-7329.2966376736995,-274.00961073532767,173.31967220937983,157.60821191545065,-7.689442356525304,32.18253357752049,161.0440668090823,,,,
86.15,-7340.240748984035,-274.4280611834592,173.5775249267939,157.72583700431102,-7.695193593233711,32.206558080349865,161.16425796848003,,,,
86.2,-7345.715866436003,-274.6374031573858,173.70652357690534,157.78464954875017,-7.698069211588925,32.2185703317233,161.22435354817995,,,,
86.25,-7356.672224933539,-275.05632060496055,173.96466545993698,157.90227463762596,-7.703820448299204,32.24259483447395,161.34454470757893,,,,
86.3,-7362.153465979107,-275.2658960786087,174.09380869285718,157.96108718205443,-7.706696066653267,32.254607085896026,161.40464028727894,,,,
86.35,-7373.122071663843,-275.6852805256266,174.35223974150637,158.0787122709298,-7.7124473033634136,32.27863158865632,161.5248314466812,,,,
86.4,-7378.609436303011,-275.8950894989963,174.48152755723532,158.13752481536858,-7.715322921718558,32.29064384002657,161.58492702638188,,,,
86.45,-7389.5902891749465,-276.3149409454573,174.74024777150203,158.25514990422914,-7.721074158427057,32.3146683428543,161.7051181857848,,,,
86.5,-7395.0837774077145,-276.52498341854863,174.86968017003977,158.31396244866622,-7.723949776782234,32.326680594237814,161.76521376548737,,,,
86.55,-7400.579306838349,-276.7351037248805,174.99916076284714,158.37277499310855,-7.726825395137784,32.33869284559267,161.82530934518965,,,,
86.6,-7411.576489293218,-277.15557783726575,175.25826653127058,158.49040008197392,-7.732576631846667,32.362717348393744,161.94550050459435,,,,
86.65,-7417.078142317453,-277.36593164331924,175.38789170688668,158.54921262640525,-7.735452250201126,32.37472959980524,162.005596084298,,,,
86.7,-7428.087571959522,-277.7868727551477,175.6472866409277,158.66683771528582,-7.741203486911944,32.398754102536195,162.12578724370542,,,,
86.75,-7433.595348577357,-277.9974600609227,175.77705639935257,158.7256502597188,-7.7440791052664535,32.41076635393551,162.18588282340912,,,,
86.8,-7444.617025406626,-278.4188681721943,176.03674049901113,158.8432753485832,-7.749830341975382,32.43479085674771,162.30607398281862,,,,
86.85,-7450.130925618061,-278.62968897769093,176.1666548402448,158.90208789302562,-7.752705960331018,32.44680310810307,162.3661695625237,,,,
86.9,-7461.164849634532,-279.0515640884057,176.4266281055209,159.01971298189233,-7.75845719704016,32.47082761089732,162.4863607219336,,,,
86.95,-7466.684873439568,-279.26261839362394,176.55668702956336,159.07852552632258,-7.761332815394409,32.48283986231367,162.5464563016398,,,,
87.0,-7477.731044643239,-279.6849605037819,176.816949460457,159.19615061520338,-7.767084052105229,32.50686436504436,162.66664746105263,,,,
87.05,-7483.257192041875,-279.8962483087217,176.9471529673082,159.2549631596374,-7.769959670459859,32.518876616438035,162.72674304075886,,,,
87.1,-7494.315610432745,-280.31905741832287,177.20770456381942,159.37258824849954,-7.775710907168528,32.54290111926073,162.84693420017342,,,,
87.15,-7499.84788142498,-280.5305787229842,177.3380526534794,159.4314007929416,-7.778586525524165,32.55491337061887,162.90702977988133,,,,
87.2,-7510.91854700305,-280.95385483202847,177.59889341560816,159.5490258818117,-7.784337762233756,32.57893787339647,163.02722093929646,,,,
87.25,-7516.456941588885,-281.16560963641143,177.72938608807695,159.60783842624053,-7.787213380587802,32.59095012481874,163.08731651900504,,,,
87.3,-7527.539854354154,-281.5893527448989,177.99051601582323,159.72546351512025,-7.792964617298445,32.61497462755574,163.20750767842324,,,,
87.35,-7533.084372533589,-281.80134104900344,178.12115327110078,159.784276059556,-7.795840235653284,32.62698687894102,163.26760325813206,,,,
87.4,-7538.6309319108905,-282.0134071863485,178.2518387206479,159.84308860398517,-7.798715854007384,32.638999130358954,163.32769883784127,,,,
87.45,-7549.7301742590935,-282.43777296076024,178.51335420255094,159.96071369285733,-7.80446709071729,32.663023633135246,163.44788999726217,,,,
87.5,-7555.282857229995,-282.65007259782686,178.64418423490687,160.0195262372978,-7.807342709072691,32.67503588449791,163.5079855769723,,,,
87.55,-7566.394346765398,-283.07490537168184,178.90598888242744,160.13715132615914,-7.81309394578125,32.69906038732051,163.6281767363935,,,,
87.6,-7571.9531533299,-283.2874385084701,179.03696349759213,160.19596387059428,-7.815969564136016,32.711072638713304,163.68827231610524,,,,
87.65,-7583.076890052503,-283.71273828176805,179.29905731073026,160.31358895947432,-7.8217208008467,32.735097141445344,163.80846347552847,,,,
87.7,-7588.641820210604,-283.9255049182779,179.43017650870368,160.37240150390488,-7.824596419200965,32.74710939285627,163.86855905524018,,,,
87.75,-7599.777804120408,-284.3512716910191,179.6925594874594,160.49002659277247,-7.830347655910344,32.7711338956545,163.98875021466608,,,,
87.8,-7605.348857872111,-284.5642718272505,179.8238232682416,160.5488391372147,-7.833223274265931,32.78314614700938,164.04884579437896,,,,
87.85,-7616.497088969116,-284.9905055994349,180.08649541261482,160.6664642260787,-7.8389745109747695,32.807170649817365,164.16903695380495,,,,
87.9,-7622.074266314418,-285.2037392353879,180.21790377620584,160.7252767705107,-7.841850129329222,32.81918290122578,164.22913253351928,,,,
87.95,-7633.234744598623,-285.6304400070155,180.48086508619662,160.84290185939173,-7.847601366040022,32.843207403954175,164.34932369294782,,,,
88.0,-7638.818045537526,-285.8439071426901,180.6124180325964,160.9017144038244,-7.850476984394487,32.85521965535497,164.40941927266212,,,,
88.05,-7649.990771008931,-286.2710749137608,180.87566850820474,161.01933949268886,-7.85622822110352,32.87924415816696,164.52961043209277,,,,
88.1,-7655.580195541434,-286.48477554915695,181.00736603741328,161.07815203713133,-7.859103839459169,32.89125640952189,164.58970601180837,,,,
88.15,-7666.765168200039,-286.91241031967087,181.27090567863917,161.19577712599755,-7.864855076168268,32.91528091231858,164.7098971712394,,,,
88.2,-7672.360716326141,-287.12634445478864,181.4027477906565,161.25458967042837,-7.867730694522557,32.92729316373243,164.76999275095613,,,,
88.25,-7677.958305650111,-287.3403564231469,181.5346380969434,161.31340221486838,-7.870606312877953,32.939305415101344,164.83008833067322,,,,
88.3,-7689.159607891647,-287.76861385958506,181.79856329232604,161.4310273037425,-7.876357549587886,32.963329917859944,164.9502794901066,,,,
88.35,-7694.763320809216,-287.9828593276649,181.93059818142171,161.4898398481707,-7.879233167941888,32.97534216928392,165.01037506982394,,,,
88.4,-7705.976870237952,-288.4115837635463,182.1948125424219,161.60746493704823,-7.884984404652422,32.99936667203319,165.1305662292605,,,,
88.45,-7711.586706749121,-288.6260627313477,182.32699201432638,161.666277481486,-7.8878600230074785,33.01137892340846,165.1906618089783,,,,
88.5,-7722.812503365058,-289.05525416667217,182.59149554094407,161.78390257034582,-7.893611259715845,33.03540342623997,165.3108529684155,,,,
88.55,-7728.428463469826,-289.26996663419516,182.72381959565732,161.8427151147839,-7.896486878071049,33.04741567761863,165.37094854813515,,,,
88.6,-7739.666507272965,-289.69962506896286,182.9886122878926,161.96034020366181,-7.90223811478147,33.07144018035958,165.49113970757372,,,,
88.65,-7745.288590971334,-289.91457103620746,183.12108092541462,162.01915274809062,-7.90511373313554,33.08345243177907,165.5512352872932,,,,
88.7,-7756.538881961673,-290.3446964704183,183.38616278326742,162.13677783696318,-7.910864969845458,33.107476934553645,165.67142644673487,,,,
88.75,-7762.167089253642,-290.5598759373845,183.51877600359822,162.19559038140346,-7.913740588200792,33.11948918591715,165.7315220264553,,,,
88.8,-7773.429627431181,-290.9904683710385,183.7841470270686,162.3132154702644,-7.919491824909265,33.143513688741734,165.85171318589715,,,,
88.85,-7779.06395831675,-291.2058813377263,183.91690483020818,162.3720280146998,-7.922367443264139,33.155525940133344,165.9118087656192,,,,
88.9,-7790.338743681489,-291.63694077082346,184.18256501929608,162.4896531035798,-7.9281186799748635,33.17955044286548,166.03199992506302,,,,
88.95,-7795.979198160659,-291.8525872372328,184.31546740524442,162.54846564801002,-7.930994298329111,33.19156269427772,166.0920955047849,,,,
89.0,-7807.2662307125975,-292.28411366977315,184.58141675994992,162.6660907368788,-7.936745535038539,33.21558719707063,166.2122866642314,,,,
89.05,-7812.912808785367,-292.4999936359041,184.71446372870702,162.72490328132065,-7.939621153394019,33.22759944842713,166.27238224395444,,,,
89.1,-7818.561428056003,-292.7159514352756,184.84755889173374,162.7837158257551,-7.942496771748661,33.23961169981865,166.33247782367746,,,,
89.15,-7829.864790190875,-293.14810053374015,185.11389380059595,162.90134091461667,-7.9482480084575045,33.263636202644,166.45266898312553,,,,
89.2,-7835.519533055111,-293.36429183283326,185.24713354643143,162.96015345905852,-7.95112362681302,33.27564845400327,166.51276456285018,,,,
89.25,-7846.835142377184,-293.796907930741,185.51375762091118,163.07777854792954,-7.956874863522419,33.29967295677635,166.63295572229873,,,,
89.3,-7852.49600883502,-294.01333272955566,185.64714194955545,163.13659109235792,-7.959750481876633,33.31168520820046,166.6930513020239,,,,
89.35,-7863.823865344292,-294.44641582690656,185.91405518965271,163.25421618123744,-7.965501718587333,33.33570971093887,166.81324246147548,,,,
89.4,-7869.490855395728,-294.6630741254428,186.04758410110577,163.3130287256737,-7.968377336942112,33.34772196232186,166.87333804120098,,,,
89.45,-7880.8309590922,-295.09662422223687,186.3147865068206,163.43065381453394,-7.9741285736506615,33.37174646515214,166.99352920065357,,,,
89.5,-7886.504072737236,-295.3135160204947,186.44846000108242,163.4894663589742,-7.977004192006154,33.383758716519885,167.0536247803808,,,,
89.55,-7897.856423620909,-295.7475331167319,186.7159515724148,163.60709144784786,-7.982755428715981,33.40778321928049,167.17381593983427,,,,
89.6,-7903.535660859545,-295.9646584147114,186.84976964948538,163.66590399227618,-7.985631047069956,33.41979547070443,167.23391151956176,,,,
89.65,-7914.900258930417,-296.3991425103918,187.11755038643534,163.78352908115437,-7.991382283780558,33.44381997344965,167.3541026790182,,,,
89.7,-7920.585619762654,-296.61650130809284,187.2515130463147,163.84234162559144,-7.994257902135608,33.4558322248287,167.41419825874613,,,,
89.75,-7931.962465020726,-297.0514524032164,187.51958294888217,163.9599667144513,-8.000009138843966,33.47985672766051,167.53438941820346,,,,
89.8,-7937.653949446562,-297.269044700639,187.65369019157035,164.01877925889056,-8.002884757199135,33.49186897903347,167.5944849979331,,,,
89.85,-7949.043041891835,-297.7044627952057,187.92204925975537,164.13640434776656,-8.008635993909369,33.51589348178304,167.71467615739144,,,,
89.9,-7954.740649911271,-297.9222885923499,188.05630108525227,164.1952168921948,-8.011511612263396,33.5279057332061,167.77477173712106,,,,
89.95,-7960.440299128574,-298.14019222273464,188.19060110501877,164.2540294366287,-8.014387230618134,33.53991798460549,167.8348673168518,,,,
